ranking,jp_name,eng_name,agency,total_subs,total_views,channel_id,debut,vid_cnt
91,鳩羽つぐ,鳩羽つぐ, ,185000,8564187,UCGaUWM5OQ7hU1JwbqvNBR4w,2018-02-08T08:39:35Z,12
92,ピンキーポップヘップバーン,Pinky Pop Hepburn Official,VIC,184000,8071387,UC1pR2ig6NhndhvicEgclNdA,2018-12-30T13:51:36Z,69
93,童田明治(わらべだめいじー),童田明治-わらべだめいじー-,にじさんじ(統合後),184000,15185984,UCveZ9Ic1VtcXbsyaBgxPMvg,2019-01-06T12:45:43Z,231
94,物述有栖,♥️♠️物述有栖♦️♣️,にじさんじ(1・2期生),179000,12880862,UCt0clH12Xk1-Ej5PXKGfdPA,2018-03-05T13:51:15Z,285
95,ジョー・力一(じょーりきいち),ジョー・力一 Joe Rikiichi,にじさんじ(SEEDs出身),179000,16529412,UChUJbHiTVeGrSkTdBzVfNCQ,2018-08-07T06:55:54Z,208
96,舞元啓介, ,にじさんじ(SEEDs出身),178000,22216927,UCJubINhCcFXlsBwnHp0wl_g,2018-08-07T06:40:33Z,308
97,花畑チャイカ,花畑チャイカ,にじさんじ(SEEDs出身),171000,20698901,UCsFn_ueskBkMCEyzCEqAOvg,2018-05-25T00:13:41Z,337
98,夢追翔,夢追翔のJUKE BOX,にじさんじ(SEEDs出身),170000,22343883,UCTIE7LM5X15NVugV7Krp9Hw,2018-09-19T07:48:38Z,287
99,剣持刀也,剣持刀也,にじさんじ(1・2期生),169000,25469990,UCv1fFr156jc65EMiLbaLImw,2018-03-05T15:23:52Z,231
100,森中花咲,森中花咲,にじさんじ(1・2期生),168000,21837094,UCtpB6Bvhs1Um93ziEDACQ8g,2018-03-14T07:29:33Z,434
