ranking,jp_name,eng_name,agency,total_subs,total_views,channel_id,debut,vid_cnt
51,ハロー キティ,HELLO KITTY / ハローキティ【Sanrio Official】,サンリオ,255000,20961007,UCyof-1Ko_jy2sOtivyTpc4Q,2018-08-13T03:04:41Z,153
52,キミノ ミヤ(MIYA KIMINO),Japanese HANJO! TV,upd8,255000,6045685,UCg8TPE5nLLOqlNnBivmQwww,2018-07-17T02:13:19Z,314
53,天神子兎音(てんじんことね),天神 子兎音 Tenjin Kotone,順位をツイート,254000,45037746,UCAr7rLi_Wn09G-XfTA07d4g,2018-04-18T08:49:08Z,298
54,紫咲シオン,Shion Ch. 紫咲シオン,ホロライブ,251000,19111716,UCXTpFs_3PqI41qX2d9tL2Rw,2018-08-03T08:32:21Z,424
55,大空スバル,Subaru Ch. 大空スバル,ホロライブ,252000,23567240,UCvzGlP9oQwU--Y0r9id_jnA,2018-08-22T07:29:15Z,485
56,バーチャルおばあちゃん(VB),バーチャルおばあちゃんねる, ,246000,56330123,UCTMgd9qnUD9qKBX5oTtD6ug,2018-01-30T09:56:15Z,519
57,社築(やしろ きずく),社築,にじさんじ(SEEDs出身),246000,29224754,UCKMYISTJAQ8xTplUPHiABlA,2018-05-25T00:13:18Z,357
58,竜胆尊(りんどうみこと),竜胆 尊 / Rindou Mikoto,にじさんじ(SEEDs出身),244000,16224665,UCPvGypSgfDkVe7JG2KygK7A,2018-08-07T06:54:15Z,190
59,百鬼あやめ,Nakiri Ayame Ch. 百鬼あやめ,ホロライブ,247000,12188007,UC7fk0CB07ly8oSl0aqKkqFg,2018-08-11T22:44:31Z,320
60,天音かなた(あまねかなた),Kanata Ch. 天音かなた,ホロライブ,241000,17256122,UCZlDXzGoo7d44bwdNObFacg,2019-12-04T09:13:34Z,206
