,vid_id,title,description,category,date,duration,2d3d,definition,views,likes,dislikes,favorites,num_comments,channel_id
0,ctaYNlpD_Is,title_0,"#25
Twitter: https://twitter.com/HatobaTsugu


--
つぐ運営: https://tsugu.org/
スポンサー:
* Yostar: https://www.yostar.co.jp/",1,2020-01-22T10:00:06Z,PT1M6S,2d,hd,206087,10526,52,0,971,UCGaUWM5OQ7hU1JwbqvNBR4w
1,VRMJmq1lPIQ,銀杏,"#23
Twitter: https://twitter.com/HatobaTsugu


散歩: https://www.youtube.com/watch?v=LK6lrdvw5Ws
--
つぐ運営: https://tsugu.org/
スポンサー:
* Yostar: https://www.yostar.co.jp/",1,2019-11-29T09:00:07Z,PT1M59S,2d,hd,257284,13679,97,0,1504,UCGaUWM5OQ7hU1JwbqvNBR4w
2,LK6lrdvw5Ws,散歩,"#21
Twitter: https://twitter.com/HatobaTsugu


雨宿り: https://www.youtube.com/watch?v=XtHJQztMhgg
--
つぐ運営: https://tsugu.org/
スポンサー:
* Yostar: https://www.yostar.co.jp/",1,2019-10-05T09:00:02Z,PT1M34S,2d,hd,220770,13697,65,0,1553,UCGaUWM5OQ7hU1JwbqvNBR4w
3,XtHJQztMhgg,雨宿り,"#18
Twitter: https://twitter.com/HatobaTsugu


残暑 https://youtu.be/cLp-rwSKOaw
--
つぐ運営: https://tsugu.org/
スポンサー: Yostar",1,2018-11-25T09:00:03Z,PT1M55S,2d,hd,474659,16471,180,0,2209,UCGaUWM5OQ7hU1JwbqvNBR4w
4,cLp-rwSKOaw,残暑,"#17
Twitter: https://twitter.com/HatobaTsugu


雨宿り https://youtu.be/XtHJQztMhgg
料理 https://youtu.be/Oi5uEmxjbKo",1,2018-08-29T15:36:37Z,PT48S,2d,hd,369867,10917,159,0,973,UCGaUWM5OQ7hU1JwbqvNBR4w
5,y0sf_RPEXjA,鳩羽つぐ 夏休み,"#6 - #15
https://camp-fire.jp/projects/view/89857",1,2018-08-20T09:29:43Z,PT42S,2d,hd,604719,16647,369,0,1694,UCGaUWM5OQ7hU1JwbqvNBR4w
6,Oi5uEmxjbKo,料理,"#05
Twitter: https://twitter.com/HatobaTsugu


残暑 https://youtu.be/cLp-rwSKOaw
買い物 https://youtu.be/7W2Xwtrlmqo",1,2018-07-12T13:02:17Z,PT2M34S,2d,hd,527044,16552,139,0,2268,UCGaUWM5OQ7hU1JwbqvNBR4w
7,TTeEU-GYixk,180706,"#05
Twitter: https://twitter.com/KijioTsugu


雉尾つぐ https://youtu.be/5-3bbwUzIoY",1,2018-07-12T08:00:03Z,PT56S,2d,hd,663461,16317,553,0,2259,UCGaUWM5OQ7hU1JwbqvNBR4w
8,5-3bbwUzIoY,雉尾つぐ,"#00
Twitter: https://twitter.com/KijioTsugu


180706 https://youtu.be/TTeEU-GYixk",1,2018-05-13T12:10:10Z,PT1M,2d,hd,989308,20105,424,0,3541,UCGaUWM5OQ7hU1JwbqvNBR4w
9,7W2Xwtrlmqo,買い物,"#04
Twitter: https://twitter.com/HatobaTsugu


料理 https://youtu.be/Oi5uEmxjbKo
Morning Routine https://youtu.be/5T9AFFPSS9s",1,2018-04-15T10:02:07Z,PT3M7S,2d,hd,1089087,21635,296,0,3409,UCGaUWM5OQ7hU1JwbqvNBR4w
10,5T9AFFPSS9s,Morning Routine,"#03
Twitter: https://twitter.com/HatobaTsugu


鳩羽つぐ https://youtu.be/xXaLxqYlRNk
買い物 https://youtu.be/7W2Xwtrlmqo",1,2018-03-26T13:07:38Z,PT1M18S,2d,hd,1224028,16762,261,0,1623,UCGaUWM5OQ7hU1JwbqvNBR4w
11,xXaLxqYlRNk,鳩羽つぐです,"#00
Twitter: https://twitter.com/HatobaTsugu


Morning Routine https://youtu.be/5T9AFFPSS9s",1,2018-02-28T10:38:10Z,PT1M,2d,hd,1938165,26771,615,0,2565,UCGaUWM5OQ7hU1JwbqvNBR4w
