ranking,jp_name,eng_name,agency,total_subs,total_views,channel_id,debut,vid_cnt
21,夏色まつり,Matsuri Channel 夏色まつり,ホロライブ,361000,27664255,UCQ0UDLQCjY0rmuxCDE38FGg,2018-05-25T06:58:58Z,603
22,YuNi,YuNi - virtual singer -,upd8,343000,70856103,UCHTnX0CSX_KObo5I9WuZ64g,2018-05-14T12:06:15Z,101
23,道明寺ここあ,ここあMusic, ,342000,84844122,UCCebk1_w5oiMUTRxdNJq0sA,2018-07-09T08:13:30Z,113
24,ときのそら,SoraCh. ときのそらチャンネル,ホロライブ,346000,37554166,UCp6993wxpyDPHUpavwDFqgg,2017-09-07T03:02:42Z,391
25,にじさんじ公式,にじさんじ,にじさんじ(1・2期生),337000,68661035,UCX7YkU9nEeaoZbkVLVajcMg,2018-01-31T04:19:38Z,288
26,鈴原るる,鈴原るる【にじさんじ所属】,にじさんじ(統合後),328000,38639359,UC_a1ZYZ8ZTXpjg9xUY9sj8w,2019-03-20T10:53:46Z,397
27,赤井はあと,Haato Channel 赤井はあと,ホロライブ,334000,25610431,UC1CfXB_kRs3C-zaeTG3oGyg,2018-05-24T03:02:52Z,701
28,ゲーム部プロジェクト,ゲーム部プロジェクト,Unlimited,320000,176768707,UC2ZVDmnoZAOdLt7kI7Uaqog,2018-01-25T08:39:11Z,595
29,リゼ・ヘルエスタ,リゼ・ヘルエスタ -Lize Helesta-,にじさんじ(統合後),316000,36180715,UCZ1xuCK1kNmn5RzPYIZop3w,2019-03-19T05:26:11Z,244
30,白銀ノエル(しろがねのえる),Noel Ch. 白銀ノエル,ホロライブ,316000,16000178,UCdyqAaZDKHXg4Ahi7VENThQ,2019-07-26T12:28:31Z,244
