,vid_id,title,description,category,date,duration,2d3d,definition,views,likes,dislikes,favorites,num_comments,channel_id
0,6qErZ6yCEMQ,【感染メイズ】病院の地下はゾンビだらけ＃1,"これはホラーゲームではない。いいね？
（サブチャンなのにホラー？理由は冒頭で説明してます）

ランダムMAPの病院をゾンビと戦いながら更に地下を目指す

ロゴやアイキャッチのなどは#画ッチマン のファンアートからお借りしております
BGMなどはこれから準備します！

▼ハッシュタグ
#ガッチマンV　　←動画の感想など全般
#画ッチマン　　　←ガッチマンVファンアート（感謝）

Instagram→https://www.instagram.com/gatchman666/
Twitterもやってます→　https://twitter.com/gatchman666
メインチャンネル→ http://goo.gl/bbSz68",20,2020-05-28T12:00:15Z,PT28M51S,2d,hd,152092,5228,40,0,364,UCqTGCMjeKOclEEfW8Vs7sXQ
1,_tY9c09TB3w,【感謝】キャプチャー代 回収完了しました！！！,"以前に勘違いで高額のモーションキャプチャーを購入した主
皆様のご支援あって本日無事に回収完了いたしました！
（サブチャンネルの収益のみで達成）
皆様にお礼とご報告いたします。",22,2020-05-27T05:50:38Z,PT6M9S,2d,hd,217890,15083,70,0,1602,UCqTGCMjeKOclEEfW8Vs7sXQ
2,_uKY1dYfMX8,【魔進戦隊キラメイジャー】キラメイダンス踊りました,"#魔進戦隊キラメイジャーの#キラメイダンス を
埼玉県 ガッチマンくん（41）　が踊ります。
途中から荒ぶるモーションキャプチャーも必見です

キラメイダンス公式→https://www.youtube.com/watch?v=7PvDKxGMUwg&t=6s",24,2020-05-24T05:37:28Z,PT1M24S,2d,hd,283865,22602,43,0,2235,UCqTGCMjeKOclEEfW8Vs7sXQ
3,xEy9TYZ2tWQ,最近の活動やこちらの世界について飲酒雑談,"こっちでの活動も少しづつ覚えてきました。

・放送は最大25時すぎまで。アーカイブは残ります
・スパチャは反応できるかどうかはわかりません。（そのお気持ちに感謝）
・話題に出してない配信者さんのお名前を無暗に出さない
・初見さんには優しく、みんなでお迎えして「あったけぇ・・・」の精神で。
・あと何か追加します


▼ガッチマンの情報▼
ガッチマンの本チャンネル（ホラーゲームチャンネル）：http://goo.gl/bbSz68
ガッチマンのVtuber：ここです
Twitter→　https://twitter.com/gatchman666


▲配信のハッシュタグ　
#ガッチマンV
#ガッチライブマン

twitterでどんどん呟いて配信を盛り上げよう！いや、盛り上げてくださいな！",22,2020-05-25T15:50:35Z,PT2H7M59S,2d,hd,165640,5055,51,0,138,UCqTGCMjeKOclEEfW8Vs7sXQ
4,0F8FeLsIBL8,歴史に残らない変なコントローラー,"ゲームとともに発売されたコントローラー
今回は割とライト向けの物を紹介してみました。
HORIのコントローラーは神です、迷ったらHORI　いいね？

ロゴは #画ッチマン に投稿されたＦＡを使用させて
いただきました。（ありがとうございます！）
#ガッチマンV",24,2020-05-18T07:50:08Z,PT24M56S,2d,hd,252654,11840,114,0,1395,UCqTGCMjeKOclEEfW8Vs7sXQ
5,6iX-sIlvnJA,ホラー耐性MAXのVアイドルとThe Watchers協力プレイ～2日目,"ときのそら×ガッチマンのホラゲー大好きコラボ企画2日目

※予定したいたゲームが不安定な為、昨日ときのそらchで行われた
The Watchersの続きを行います。

・コラボ相手に失礼のないように！（VtuberにはVtuberのルールがあり私たちは初心です）
・放送のアーカイブは基本的に残ります
・スパチャは反応できるかどうかはわかりません。（そのお気持ちに感謝）
・話題に出してない配信者さんのお名前を無暗に出さない
・初見さんには優しく、みんなでお迎えして「あったけぇ・・・」の精神で


▽ときのそらの情報▽
ときのそらチャンネル→https://goo.gl/Mrf5iD
twitter→https://twitter.com/tokino_sora

▼ガッチマンの情報▼
ガッチマンの本チャンネル（ホラーゲームチャンネル）：http://goo.gl/bbSz68
ガッチマンのVtuber：ここです
Twitter→　https://twitter.com/gatchman666

▲配信のハッシュタグ　
#そらガッチホラーコラボ
#ガッチそらコラボ

twitterでどんどん呟いて配信を盛り上げよう！いや、盛り上げてくださいな！",20,2020-05-21T14:55:40Z,PT2H19M47S,2d,hd,417834,11176,98,0,214,UCqTGCMjeKOclEEfW8Vs7sXQ
6,giOHVIxr8mw,動け、動け、動いてよぉぉぉ,"（タイトルに意味はありません）
あれから色々勉強してまいりました
今度はちゃんと動かせるように新システムを導入しました
実際本日が初起動です。

ガッチマンＶのファンアートのハッシュタグは　#画ッチマン です
FAをいつも楽しく拝見させていただいております。

#ガッチマン
#ガッチマンＶ


効果音：OtoLogic
　　　　効果音ラボ",24,2020-05-15T06:56:01Z,PT7M53S,2d,hd,371593,22646,56,0,2129,UCqTGCMjeKOclEEfW8Vs7sXQ
7,_85pFAybATM,【SEKIRO】ラスボス戦とエンディングまで＃5,"クリア困難で大ハマりはないけど適度に死にます。
・放送は最大25時すぎまで。アーカイブは残ります
・スパチャは反応できるかどうかはわかりません。（そのお気持ちに感謝）
・話題に出してない配信者さんのお名前を無暗に出さない
・初見さんには優しく、みんなでお迎えして「あったけぇ・・・」の精神で。
・あと何か追加します

配信のハッシュタグ　#ガッチマンV
ファンアートのタグ    #画ッチマン

ガッチマンの本チャンネル：http://goo.gl/bbSz68",20,2020-05-16T15:56:33Z,PT2H3M59S,2d,hd,136682,2565,45,0,38,UCqTGCMjeKOclEEfW8Vs7sXQ
8,ti4h47HoS84,【SEKIRO】初挑戦！平田屋敷(2回目）と過去梟戦 ＃4,"クリア困難で大ハマりはないけど適度に死にます。
・放送は最大25時すぎまで。アーカイブは残ります
・スパチャはありません（新人です
・あとなんか後で書きます",20,2020-05-13T15:11:00Z,PT1H30M8S,2d,hd,93504,1885,27,0,34,UCqTGCMjeKOclEEfW8Vs7sXQ
9,Ne9BGQNv6rU,【SEKIRO】葦名の底～梟撃破 ＃3,"クリア困難で大ハマりはないけど適度に死にます。
・放送は最大25時すぎまで。アーカイブは残ります
・スパチャはありません（新人です
・あとなんか後で書きます",20,2020-05-10T15:27:20Z,PT1H43M47S,2d,hd,125903,2435,38,0,53,UCqTGCMjeKOclEEfW8Vs7sXQ
10,Tg9r6Wjaj_U,【SEKIRO】本城～葦名弦一郎～落ち谷まで ＃2,"クリア困難で大ハマりはないけど適度に死にます。
・放送は最大17時すぎまで。アーカイブは残ります
・スパチャはありません（新人です
・あとなんか後で書きます",20,2020-05-10T08:13:44Z,PT2H10M9S,2d,hd,116672,2434,26,0,51,UCqTGCMjeKOclEEfW8Vs7sXQ
11,H3PoTaSxX1A,【SEKIRO】ゲームスタート～まぼろしお蝶まで #1,"クリア困難で大ハマりはないけど適度に死にます。
・放送は1時間程度です（16時すぎまで）。アーカイブは残ります
・スパチャはありません（新人です
・あとなんか後で書きます

※初回なのでテストも兼ねての配信です",20,2020-05-09T07:36:37Z,PT1H25M37S,2d,hd,214531,5632,49,0,172,UCqTGCMjeKOclEEfW8Vs7sXQ
12,UyVApic-E5s,はは、Vtuberなんだから動くに決まってるだろ？,"でも口を開く設定を忘れていました。

コンテンツ不足なので増やしておりますが
毎日更新とか動画メインではないので予めご了承ください。",22,2020-05-08T07:55:36Z,PT6M46S,2d,hd,697461,34490,200,0,3994,UCqTGCMjeKOclEEfW8Vs7sXQ
13,coVFkAAQvYg,まずは自己紹介が基本だな,"ほんと、ネットが一番便利です。
3Dモデルではあるんですが、動かす環境はないので首と手しか今は動かないです。


3Dモデル制作は「寿司いくら」さんにお願いいたしました。
寿司(ことづか)いくら
［Youtube］ https://www.youtube.com/channel/UC7E0ZB2Feiq1fWCucicTR0Q
［twitter］ https://twitter.com/Kotoduka_Ikura",22,2020-05-07T13:18:23Z,PT1M17S,2d,hd,521874,27733,277,0,2386,UCqTGCMjeKOclEEfW8Vs7sXQ
