,vid_id,title,description,category,date,duration,2d3d,definition,views,likes,dislikes,favorites,num_comments,channel_id
0,duIhznz8wjY,剣持刀也によるありがたい雑談,"にじさんじ所属ライバー剣持刀也


詳しいことはここに
https://wikiwiki.jp/nijisanji/%E5%89%A3%E6%8C%81%E5%88%80%E4%B9%9F

【Twitter】https://twitter.com/rei_Toya_rei",24,2020-05-27T16:19:44Z,PT1H7M58S,2d,hd,83233,4329,26,0,125,UCv1fFr156jc65EMiLbaLImw
1,4JuH57uO4Bs,【反逆者を】Beholder  ディストピアでのアパート経営【見つけ出せ】,"にじさんじ所属ライバー剣持刀也


詳しいことはここに
https://wikiwiki.jp/nijisanji/%E5%89%A3%E6%8C%81%E5%88%80%E4%B9%9F

【Twitter】https://twitter.com/rei_Toya_rei",24,2020-05-21T18:53:48Z,PT3H29M12S,2d,hd,120734,4147,38,0,73,UCv1fFr156jc65EMiLbaLImw
2,rcadL4HoYjo,【#雀魂大感謝杯】雀魂一周年大感謝杯 C卓 【剣持視点】,"にじさんじ所属ライバー剣持刀也
生まれて初めてじゃべった言葉：「ツモ」

本配信https://www.youtube.com/watch?v=7GrGuIAg9fQ&feature=emb_title&ab_channel=%E3%80%90%E5%85%AC%E5%BC%8F%E3%80%91%E9%9B%80%E9%AD%82-%E3%81%98%E3%82%83%E3%82%93%E3%81%9F%E3%81%BE-

詳しいことはここに
https://wikiwiki.jp/nijisanji/%E5%89%A3%E6%8C%81%E5%88%80%E4%B9%9F

【Twitter】https://twitter.com/rei_Toya_rei",20,2020-05-16T12:22:59Z,PT37M59S,2d,hd,48007,2225,22,0,51,UCv1fFr156jc65EMiLbaLImw
3,pwioquqnaT0,剣持刀也オフ会,"にじさんじ所属ライバー剣持刀也
こんな時だからこそ集まりたい
集合場所：PUBGカスタムサーバ

詳しいことはここに
https://wikiwiki.jp/nijisanji/%E5%89%A3%E6%8C%81%E5%88%80%E4%B9%9F

【Twitter】https://twitter.com/rei_Toya_rei",20,2020-05-12T17:06:07Z,PT1H45M3S,2d,hd,164046,6582,66,0,193,UCv1fFr156jc65EMiLbaLImw
4,cvUrLiLvn1U,【TETRIS 99】1位になるまで終われない配信【耐久】,"にじさんじ所属ライバー剣持刀也
やったろうやないか

詳しいことはここに
https://wikiwiki.jp/nijisanji/%E5%89%A3%E6%8C%81%E5%88%80%E4%B9%9F

【Twitter】https://twitter.com/rei_Toya_rei",20,2020-05-06T21:02:39Z,PT5H5M55S,2d,hd,206530,6623,77,0,212,UCv1fFr156jc65EMiLbaLImw
5,ThRFxIGCqDk,【TETRIS 99】#にじテトグランプリ 予選Fブロック  【剣持視点】,"にじさんじ所属ライバー剣持刀也
まぁ見てなって

詳しいことはここに
https://wikiwiki.jp/nijisanji/%E5%89%A3%E6%8C%81%E5%88%80%E4%B9%9F

【Twitter】https://twitter.com/rei_Toya_rei",20,2020-05-04T11:04:05Z,PT50M30S,2d,hd,92932,3385,47,0,87,UCv1fFr156jc65EMiLbaLImw
6,gj715J5YNvo,みんなで手をつないでゴールするマリカ配信【視聴者参加型】,"にじさんじ所属ライバー剣持刀也
ラブ＆ピース、そしてジャスティス

詳しいことはここに
https://wikiwiki.jp/nijisanji/%E5%89%A3%E6%8C%81%E5%88%80%E4%B9%9F

【Twitter】https://twitter.com/rei_Toya_rei",20,2020-04-30T16:47:54Z,PT1H2M18S,2d,hd,68637,3225,15,0,85,UCv1fFr156jc65EMiLbaLImw
7,kUW06D15-dc,剣持刀也 VS ホラゲー【つぐのひ】,"にじさんじ所属ライバー剣持刀也
PASMOの残金：6円

詳しいことはここに
https://wikiwiki.jp/nijisanji/%E5%89%A3%E6%8C%81%E5%88%80%E4%B9%9F

【Twitter】https://twitter.com/rei_Toya_rei",20,2020-04-26T16:40:17Z,PT59M12S,2d,hd,121352,5020,29,0,165,UCv1fFr156jc65EMiLbaLImw
8,AGHqitxXJoI,"【クリアまで】入国審査のバイト受かったから国民選別する②【Papers, Please】","にじさんじ所属ライバー剣持刀也
にじさんじの犬
前：https://www.youtube.com/watch?v=P8vUJX6Afsg&ab_channel=%E5%89%A3%E6%8C%81%E5%88%80%E4%B9%9F


詳しいことはここに
https://wikiwiki.jp/nijisanji/%E5%89%A3%E6%8C%81%E5%88%80%E4%B9%9F

【Twitter】https://twitter.com/rei_Toya_rei",20,2020-04-21T19:03:23Z,PT3H44M52S,2d,hd,144022,4527,42,0,124,UCv1fFr156jc65EMiLbaLImw
9,P8vUJX6Afsg,"入国審査のバイト受かったから国民選別する【Papers, Please】","にじさんじ所属ライバー剣持刀也
趣味：公私混同
次：https://www.youtube.com/watch?v=AGHqitxXJoI&ab_channel=%E5%89%A3%E6%8C%81%E5%88%80%E4%B9%9F

詳しいことはここに
https://wikiwiki.jp/nijisanji/%E5%89%A3%E6%8C%81%E5%88%80%E4%B9%9F

【Twitter】https://twitter.com/rei_Toya_rei",20,2020-04-20T19:12:14Z,PT3H9M16S,2d,hd,172022,5331,52,0,130,UCv1fFr156jc65EMiLbaLImw
10,gl3rDQgeRWI,【＃にじさんじ最強雀士決定戦】決勝【ロンはロリコンの略】,"にじさんじ所属ライバー剣持刀也
リーチ一発ロリコン


詳しいことはここに
https://wikiwiki.jp/nijisanji/%E5%89%A3%E6%8C%81%E5%88%80%E4%B9%9F

【Twitter】https://twitter.com/rei_Toya_rei",24,2020-04-18T15:31:31Z,PT1H49M24S,2d,hd,72343,3891,32,0,113,UCv1fFr156jc65EMiLbaLImw
11,ka3nlFQum3E,【視聴者企画】剣持VSリスナー サムネ作り対決【視聴者参加型】,"制限時間とお題を決めてリスナーさんとサムネ作り対決をします
作っていただける場合はTwitterにて ＃剣持刀也架空配信 のタグをつけて貼っていただけると嬉しいです！

にじさんじ所属ライバー剣持刀也
このサムネはリスナー作


詳しいことはここに
https://wikiwiki.jp/nijisanji/%E5%89%A3%E6%8C%81%E5%88%80%E4%B9%9F

【Twitter】https://twitter.com/rei_Toya_rei",24,2020-04-14T16:35:51Z,PT1H18S,2d,hd,131207,5863,26,0,188,UCv1fFr156jc65EMiLbaLImw
12,p9F7FAYOPR0,【＃にじさんじ最強雀士決定戦】麻雀大会 準決勝B卓【ロンはロリコンの略】,"にじさんじ所属ライバー剣持刀也
ご無礼、チョンボだ

【主催】
舞元啓介　　https://www.youtube.com/channel/UCJubINhCcFXlsBwnHp0wl_g?sub_confirmation=1

ーーー準決勝B卓ーーー
夜見れな https://www.youtube.com/channel/UCL34fAoFim9oHLbVzMKFavQ/?sub_confirmation=1
でびでび・でびる https://www.youtube.com/channel/UCjlmCrq4TP1I4xguOtJ-31w/feed?sub_confirmation=1
鈴木勝 https://www.youtube.com/channel/UCryOPk2GZ1meIDt53tL30Tw?sub_confirmation=1

詳しいことはここに
https://wikiwiki.jp/nijisanji/%E5%89%A3%E6%8C%81%E5%88%80%E4%B9%9F

【Twitter】https://twitter.com/rei_Toya_rei",24,2020-04-12T17:00:16Z,PT1H22M17S,2d,hd,60646,2027,11,0,57,UCv1fFr156jc65EMiLbaLImw
13,ubAC1Cjs1lk,【＃にじさんじ最強雀士決定戦】麻雀大会Eリーグ【ロンはロリコンの略】,"にじさんじ所属ライバー剣持刀也
ご無礼、チョンボだ

【主催】
舞元啓介　　https://www.youtube.com/channel/UCJubINhCcFXlsBwnHp0wl_g?sub_confirmation=1

ーーーグループEーーー
文野環 https://www.youtube.com/channel/UCBiqkFJljoxAj10SoP2w2Cg?sub_confirmation=1
出雲霞 https://www.youtube.com/channel/UCLpYMk5h1bq8_GAFVBgXhPQ?sub_confirmation=1
イブラヒム https://www.youtube.com/channel/UCmZ1Rbthn-6Jm_qOGjYsh5A?sub_confirmation=1


詳しいことはここに
https://wikiwiki.jp/nijisanji/%E5%89%A3%E6%8C%81%E5%88%80%E4%B9%9F

【Twitter】https://twitter.com/rei_Toya_rei",24,2020-04-12T09:18:02Z,PT1H34S,2d,hd,92512,2237,32,0,22,UCv1fFr156jc65EMiLbaLImw
14,i8Hmb_9NUl8,【お絵描きの森】君たちに芸術を教えてやる【視聴者参加型】,"にじさんじ所属ライバー剣持刀也
『この剣持刀也がスゴイ! 2020』にて第二位を受賞

詳しいことはここに
https://wikiwiki.jp/nijisanji/%E5%89%A3%E6%8C%81%E5%88%80%E4%B9%9F

【Twitter】https://twitter.com/rei_Toya_rei



お借りした音源
ハイカラサウンド
https://www.youtube.com/watch?v=_U2dWAG0Hfg&t=91s&ab_channel=%E3%83%8F%E3%82%A4%E3%82%AB%E3%83%A9%E3%82%B5%E3%82%A6%E3%83%B3%E3%83%89",24,2020-04-07T16:48:35Z,PT1H9M55S,2d,hd,111338,3872,43,0,120,UCv1fFr156jc65EMiLbaLImw
15,tFL9d7ceRHQ,【剣持刀子】マシュマロを食べる配信です！【4月1日】,"剣持刀子です！
パソコンが下手だ〜！！

詳しいことはここに
https://wikiwiki.jp/nijisanji/%E5%89%A3%E6%8C%81%E5%88%80%E4%B9%9F

【Twitter】https://twitter.com/rei_Toya_rei



お借りした音源
ハイカラサウンド
https://www.youtube.com/watch?v=_U2dWAG0Hfg&t=91s&ab_channel=%E3%83%8F%E3%82%A4%E3%82%AB%E3%83%A9%E3%82%B5%E3%82%A6%E3%83%B3%E3%83%89",24,2020-04-01T15:49:16Z,PT41M21S,2d,hd,195681,10124,70,0,304,UCv1fFr156jc65EMiLbaLImw
16,hkDeYAEwJxg,どうぶつが集まってるゲームやる,"にじさんじ所属バーチャルライバー剣持刀也
流行に乗る男

詳しいことはここに
https://wikiwiki.jp/nijisanji/%E5%89%A3%E6%8C%81%E5%88%80%E4%B9%9F

【Twitter】https://twitter.com/rei_Toya_rei",20,2020-03-27T16:37:37Z,PT59M18S,2d,hd,93632,3607,38,0,106,UCv1fFr156jc65EMiLbaLImw
17,WFj1gTHL71g,テロリストから世界を守れ,"にじさんじ所属バーチャルライバー剣持刀也
ロリスト

詳しいことはここに
https://wikiwiki.jp/nijisanji/%E5%89%A3%E6%8C%81%E5%88%80%E4%B9%9F

【Twitter】https://twitter.com/rei_Toya_rei",20,2020-03-22T19:12:49Z,PT3H10M35S,2d,hd,122792,3936,35,0,75,UCv1fFr156jc65EMiLbaLImw
18,l0yBj_5Ahr8,100年ぶりの雑談配信,"にじさんじ所属バーチャルライバー剣持刀也
走り高跳びの最高記録：2分13秒

詳しいことはここに
https://wikiwiki.jp/nijisanji/%E5%89%A3%E6%8C%81%E5%88%80%E4%B9%9F

【Twitter】https://twitter.com/rei_Toya_rei",24,2020-03-17T16:33:18Z,PT55M3S,2d,hd,61558,3282,21,0,56,UCv1fFr156jc65EMiLbaLImw
19,ffeLS6j0OGo,世界一冷静さを欠かない男のゲーム実況【Tea Party Simulator】,"にじさんじ所属バーチャルライバー剣持刀也
『紳士』の語源になった男

詳しいことはここに
https://wikiwiki.jp/nijisanji/%E5%89%A3%E6%8C%81%E5%88%80%E4%B9%9F

【Twitter】https://twitter.com/rei_Toya_rei",20,2020-03-08T17:05:52Z,PT56M44S,2d,hd,70322,3178,19,0,111,UCv1fFr156jc65EMiLbaLImw
20,BuNBFl9cFi0,感染したらロリになる世界【Plague inc】,"にじさんじ所属バーチャルライバー剣持刀也


詳しいことはここに
https://wikiwiki.jp/nijisanji/%E5%89%A3%E6%8C%81%E5%88%80%E4%B9%9F

【Twitter】https://twitter.com/rei_Toya_rei",20,2020-02-29T17:41:01Z,PT1H53M13S,2d,hd,170294,6296,71,0,114,UCv1fFr156jc65EMiLbaLImw
21,6D4HmQW2fE4,【夜勤事件】職業体験で社会を学ぼう！【ホラー】,"にじさんじ所属バーチャルライバー剣持刀也
労働基準法の向こう側へ

詳しいことはここに
https://wikiwiki.jp/nijisanji/%E5%89%A3%E6%8C%81%E5%88%80%E4%B9%9F

【Twitter】https://twitter.com/rei_Toya_rei",24,2020-02-26T18:07:05Z,PT2H23M16S,2d,hd,137499,4329,37,0,87,UCv1fFr156jc65EMiLbaLImw
22,09ulncRiOIE,【咎人コラボ】咎人の絆よ永遠に【いっしょにチョキッと スニッパーズ】,"剣持刀也、伏見ガク。二人は咎人。
サムネは剣持作

伏見＝サイコピース＝ガクのチャンネル
https://www.youtube.com/channel/UCXU7YYxy_iQd3ulXyO-zC2w?sub_confirmation=1


詳しいことはここに
https://wikiwiki.jp/nijisanji/%E5%89%A3%E6%8C%81%E5%88%80%E4%B9%9F

【Twitter】https://twitter.com/rei_Toya_rei",20,2020-02-23T17:17:27Z,PT1H34M33S,2d,hd,86124,3899,19,0,75,UCv1fFr156jc65EMiLbaLImw
23,pGddXIlpG6w,捕まったのなら脱獄すればいいじゃない,"にじさんじ所属ライバー剣持刀也
急いで配信内容変えた

【にじさんじJAPAN TOUR 2020 Shout in the Rainbow ! in 福岡】
ネットチケット販売中！
https://live2.nicovideo.jp/watch/lv323870210

詳しいことはここに
https://wikiwiki.jp/nijisanji/%E5%89%A3%E6%8C%81%E5%88%80%E4%B9%9F

【Twitter】https://twitter.com/rei_Toya_rei",20,2020-02-20T16:45:01Z,PT1H5M55S,2d,hd,76335,3089,16,0,63,UCv1fFr156jc65EMiLbaLImw
24,6xGs1fwgHEc,Zepp福岡ライブ最速振り返り配信,"にじさんじ所属ライバー剣持刀也
ファンサービスマン

【にじさんじJAPAN TOUR 2020 Shout in the Rainbow ! in 福岡】
ネットチケット販売中！
https://live2.nicovideo.jp/watch/lv323870210

詳しいことはここに
https://wikiwiki.jp/nijisanji/%E5%89%A3%E6%8C%81%E5%88%80%E4%B9%9F

【Twitter】https://twitter.com/rei_Toya_rei",24,2020-02-14T16:54:38Z,PT1H17M56S,2d,hd,46169,2376,11,0,52,UCv1fFr156jc65EMiLbaLImw
25,O2hr050NW8Q,【テトリス99】どっちが上かはっきりさせようか【視聴者参加型】,"にじさんじ所属ライバー剣持刀也
全世界剣持ランキング１位

詳しいことはここに
https://wikiwiki.jp/nijisanji/%E5%89%A3%E6%8C%81%E5%88%80%E4%B9%9F

【Twitter】https://twitter.com/rei_Toya_rei",24,2020-02-09T16:50:47Z,PT1H10M46S,2d,sd,62318,2286,25,0,56,UCv1fFr156jc65EMiLbaLImw
26,uN3abwDopk0,麻雀で僕に勝てるやついんの？【視聴者参加型】,"にじさんじ所属ライバー剣持刀也
好きな上がり役：幼一色

詳しいことはここに
https://wikiwiki.jp/nijisanji/%E5%89%A3%E6%8C%81%E5%88%80%E4%B9%9F

【Twitter】https://twitter.com/rei_Toya_rei",24,2020-02-04T17:39:23Z,PT1H57M49S,2d,hd,52021,1994,24,0,46,UCv1fFr156jc65EMiLbaLImw
27,bSY4Ey9zbGw,【本気出す】50以下なら即終了【テトリス99】,"にじさんじ所属ライバー剣持刀也
サムネは使いまわし
前：https://www.youtube.com/watch?v=rFTqY16MOdw

詳しいことはここに
https://wikiwiki.jp/nijisanji/%E5%89%A3%E6%8C%81%E5%88%80%E4%B9%9F

【Twitter】https://twitter.com/rei_Toya_rei",24,2020-02-01T16:15:25Z,PT19M6S,2d,hd,42003,2075,19,0,79,UCv1fFr156jc65EMiLbaLImw
28,rFTqY16MOdw,【今度こそ長時間】50以下なら即終了【テトリス99】,"にじさんじ所属ライバー剣持刀也
サムネは使いまわし
次：https://www.youtube.com/watch?v=bSY4Ey9zbGw
前：https://www.youtube.com/watch?v=NqGg0EiztD8

詳しいことはここに
https://wikiwiki.jp/nijisanji/%E5%89%A3%E6%8C%81%E5%88%80%E4%B9%9F

【Twitter】https://twitter.com/rei_Toya_rei",24,2020-02-01T15:27:12Z,PT8M36S,2d,hd,28203,1592,14,0,42,UCv1fFr156jc65EMiLbaLImw
29,NqGg0EiztD8,企画で風邪を治す男,"にじさんじ所属ライバー剣持刀也
病は気から
次：https://www.youtube.com/watch?v=rFTqY16MOdw

詳しいことはここに
https://wikiwiki.jp/nijisanji/%E5%89%A3%E6%8C%81%E5%88%80%E4%B9%9F

【Twitter】https://twitter.com/rei_Toya_rei",24,2020-02-01T15:17:27Z,PT5M48S,2d,hd,40227,2555,15,0,99,UCv1fFr156jc65EMiLbaLImw
30,Xh90alZuea0,引っ越したら事故物件【ホラゲー】,"にじさんじ所属ライバー剣持刀也
家賃2円はおかしいと思った

詳しいことはここに
https://wikiwiki.jp/nijisanji/%E5%89%A3%E6%8C%81%E5%88%80%E4%B9%9F

【Twitter】https://twitter.com/rei_Toya_rei",20,2020-01-28T17:00:43Z,PT1H17M57S,2d,hd,65352,2740,9,0,33,UCv1fFr156jc65EMiLbaLImw
31,L9lTd1XOpTk,【悲報】剣持刀也、捕まる,"にじさんじ所属ライバー剣持刀也
無実

詳しいことはここに
https://wikiwiki.jp/nijisanji/%E5%89%A3%E6%8C%81%E5%88%80%E4%B9%9F

【Twitter】https://twitter.com/rei_Toya_rei",20,2020-01-25T16:39:34Z,PT59M37S,2d,hd,76868,3467,29,0,67,UCv1fFr156jc65EMiLbaLImw
32,6BlfmzN8uT0,ピカソを超える【お絵描きの森】,"にじさんじ所属ライバー剣持刀也
近代芸術の父

詳しいことはここに
https://wikiwiki.jp/nijisanji/%E5%89%A3%E6%8C%81%E5%88%80%E4%B9%9F

【Twitter】https://twitter.com/rei_Toya_rei",24,2020-01-22T16:38:19Z,PT59M45S,2d,hd,77634,2984,23,0,75,UCv1fFr156jc65EMiLbaLImw
33,W_1ScNBxY60,年に一度の世界征服,"にじさんじ所属ライバー剣持刀也
好きな言葉: Scrap & Build

詳しいことはここに
https://wikiwiki.jp/nijisanji/%E5%89%A3%E6%8C%81%E5%88%80%E4%B9%9F

【Twitter】https://twitter.com/rei_Toya_rei",20,2020-01-18T19:14:02Z,PT3H8M35S,2d,hd,77978,3113,27,0,54,UCv1fFr156jc65EMiLbaLImw
34,vPgO95NEDmQ,復活の剣持刀也,"にじさんじ所属ライバー剣持刀也
６V

詳しいことはここに
https://wikiwiki.jp/nijisanji/%E5%89%A3%E6%8C%81%E5%88%80%E4%B9%9F

【Twitter】https://twitter.com/rei_Toya_rei",24,2020-01-13T17:16:25Z,PT1H1M49S,2d,hd,80159,3369,29,0,80,UCv1fFr156jc65EMiLbaLImw
35,jN5329OFnrU,新年咎人ホラゲー【Lurk in the Dark】,"剣持刀也、伏見ガク、二人は咎人

剣持刀也https://wikiwiki.jp/nijisanji/%E5%89%A3%E6%8C%81%E5%88%80%E4%B9%9F
伏見ガクhttps://www.youtube.com/channel/UCXU7YYxy_iQd3ulXyO-zC2w

Lurk in the Dark : Prologue
https://www.kickstarter.com/projects/ideafruition/lurk-in-the-dark?ref=project_build

【Twitter】https://twitter.com/rei_Toya_rei",24,2020-01-04T17:12:36Z,PT1H33M15S,2d,hd,98891,4185,18,0,56,UCv1fFr156jc65EMiLbaLImw
36,RrzdcI8M3yo,2020年もよろしくお願いします配信,"にじさんじ所属ライバー剣持刀也
お年玉

【Twitter】https://twitter.com/rei_Toya_rei",24,2020-01-03T16:29:50Z,PT53M49S,2d,sd,60328,3057,26,0,68,UCv1fFr156jc65EMiLbaLImw
37,p6S0Nwye2OE,#マリカにじさんじ杯 ～本戦大会～ 説明&抽選会,"さぁ、最速を決めよう
＃マリカにじさんじ杯
今回使用させていただいたルーレットですが、配信中での試行回数が少なかったため、配信後に150回ほど回したところA52回B51回C47回という結果でした！150回という数字も試行回数としてはかなり少ないと思いますが信用性のある数字だと思います！
製作者様、素晴らしいルーレットをありがとうございました！

【Twitter】https://twitter.com/rei_Toya_rei",24,2019-12-26T16:45:57Z,PT1H4M22S,2d,sd,159860,7054,531,0,711,UCv1fFr156jc65EMiLbaLImw
38,UMZ6_05ulvA,【#マリカにじさんじ杯】剣持視点　Bリーグ,真打登場,24,2019-12-21T12:44:16Z,PT37M36S,2d,hd,106829,4027,88,0,187,UCv1fFr156jc65EMiLbaLImw
39,DiGN6MY-gGQ,とうぴークリスマス2019,"聖夜を彩るアゴと豆

ピーナッツくんhttps://www.youtube.com/channel/UCmgWMQkenFc72QnYkdxdoKA
去年：https://youtu.be/jx1rZ2PMhFY

【Twitter】https://twitter.com/rei_Toya_rei",24,2019-12-25T15:26:08Z,PT51M48S,2d,hd,108168,5574,25,0,239,UCv1fFr156jc65EMiLbaLImw
40,ntHmtUFKNOE,椎名をマリカでボコす配信,"上下関係をはっきりさせる
椎名https://www.youtube.com/watch?v=mT9QxKzh9QA
【Twitter】https://twitter.com/rei_Toya_rei",24,2019-12-18T15:28:56Z,PT1H38M14S,2d,hd,48936,1981,21,0,27,UCv1fFr156jc65EMiLbaLImw
41,oqP9y4txuaI,第二回マリカにじさんじ杯 説明＆抽選会,"さぁ、最速を決めよう
＃マリカにじさんじ杯
【Twitter】https://twitter.com/rei_Toya_rei",24,2019-12-14T17:42:23Z,PT1H59M21S,2d,hd,147465,4444,122,0,106,UCv1fFr156jc65EMiLbaLImw
42,BcX2bLEmVTA,ＶtＬ両国国技館２０１９ありがとうございました,"にじさんじ所属ライバー剣持刀也
サムネで僕が右に配置されがちなのは竹刀の処理が面倒くさいからです

【Twitter】https://twitter.com/rei_Toya_rei",24,2019-12-10T17:03:18Z,PT1H25M51S,2d,hd,47430,2391,31,0,57,UCv1fFr156jc65EMiLbaLImw
43,sAFj9D4gWqA,本間ノ葛也ポケモンマルチバトルコラボ,"にじさんじ所属ライバー剣持刀也
協調性の人

【Twitter】https://twitter.com/rei_Toya_rei",24,2019-12-05T16:05:28Z,PT1H47M37S,2d,hd,40447,1559,66,0,34,UCv1fFr156jc65EMiLbaLImw
44,qkqKhHybUAk,情緒をルーレットで決める男の配信,"にじさんじ所属ライバー剣持刀也
感情のスペシャリスト

【Twitter】https://twitter.com/rei_Toya_rei",24,2019-12-03T16:39:54Z,PT56M28S,2d,hd,59647,3146,41,0,64,UCv1fFr156jc65EMiLbaLImw
45,QuposqfgcMs,【#剣盾にじさんじ杯】第ニ章：覚醒の狂戦士,"にじさんじ所属ライバー剣持刀也

実況会場https://www.youtube.com/watch?v=-LipqdryxVg
舞元さんhttps://www.youtube.com/watch?v=R3WqYZGBXzQ

【Twitter】https://twitter.com/rei_Toya_rei",24,2019-11-24T15:20:06Z,PT29M37S,2d,hd,39154,1999,24,0,36,UCv1fFr156jc65EMiLbaLImw
46,0Oldo_mh4d8,【#剣盾にじさんじ杯】第一章：革命の始まり,"にじさんじ所属ライバー剣持刀也
わざ：はねる

実況会場https://www.youtube.com/watch?v=-LipqdryxVg
えるさん視点https://www.youtube.com/watch?v=yj3z-HqTHQk

【Twitter】https://twitter.com/rei_Toya_rei",24,2019-11-23T13:15:28Z,PT23M30S,2d,hd,41777,2136,31,0,41,UCv1fFr156jc65EMiLbaLImw
47,f_AEFEJp3jY,【ポケモン剣盾】本間ノ葛也でポケモン戦争,"にじさんじ所属ライバー剣持刀也
日課：はかいこうせん

委員長https://www.youtube.com/channel/UCD-miitqNY3nyukJ4Fnf4_A
ひまちゃんhttps://www.youtube.com/channel/UC0g1AE0DOjBYnLhkgoRWN1w
葛葉区https://www.youtube.com/channel/UCSFCh5NL4qXrAy9u-u2lX3g

【Twitter】https://twitter.com/rei_Toya_rei",24,2019-11-22T14:50:13Z,PT1H19M17S,2d,hd,78305,2490,145,0,17,UCv1fFr156jc65EMiLbaLImw
48,mOzY03g_Dhk,【ポケットモンスターソード】#6 四天王を倒しチャンピオンになる【最終回】,"にじさんじ所属ライバー剣持刀也
レぺゼンガラル地方

有栖ちゃん https://www.youtube.com/watch?v=2nRmMPcrOnQ
【Twitter】https://twitter.com/rei_Toya_rei",24,2019-11-21T17:56:35Z,PT5H37M25S,2d,hd,57571,1532,30,0,22,UCv1fFr156jc65EMiLbaLImw
49,dqAs89t_7tg,【ポケットモンスターソード】#5 五ジム目からの天下統一【剣持刀也/にじさんじ】,"にじさんじ所属ライバー剣持刀也
にんげんポケモン

有栖ちゃん https://www.youtube.com/watch?v=rLTaxEb10Q4
【Twitter】https://twitter.com/rei_Toya_rei",24,2019-11-19T16:49:29Z,PT5H37M35S,2d,hd,50413,1323,22,0,25,UCv1fFr156jc65EMiLbaLImw
50,hCTujPem4Nk,【ポケットモンスターソード】#4 6タテの汚名を一夜で返上【剣持刀也/にじさんじ】,"にじさんじ所属ライバー剣持刀也
モンスターファームはいいぞ

有栖ちゃん https://youtu.be/8Lc1XCskBR8
【Twitter】https://twitter.com/rei_Toya_rei",24,2019-11-17T13:24:43Z,PT3H28M37S,2d,hd,39427,1040,17,0,16,UCv1fFr156jc65EMiLbaLImw
51,zTzAGKYyU7c,【ポケットモンスターソード】#3 初めてのジム戦？見てな【剣持刀也/にじさんじ】,"にじさんじ所属ライバー剣持刀也
トウヤ団がガラル地方に破壊と秩序をもたらします

有栖ちゃん https://youtu.be/8Lc1XCskBR8
【Twitter】https://twitter.com/rei_Toya_rei",24,2019-11-16T19:06:22Z,PT4H2M17S,2d,hd,48034,1391,30,0,28,UCv1fFr156jc65EMiLbaLImw
52,9SyThop6Gck,【ポケットモンスターソード】#2 ポケモンで世界征服【剣持刀也/にじさんじ】,"にじさんじ所属ライバー剣持刀也
トウヤ団がガラル地方に破壊と秩序をもたらします

有栖ちゃん https://youtu.be/8Lc1XCskBR8
【Twitter】https://twitter.com/rei_Toya_rei",24,2019-11-16T12:04:58Z,PT4H11M5S,2d,hd,49561,1450,41,0,32,UCv1fFr156jc65EMiLbaLImw
53,NTALTivbcKM,【ポケットモンスターソード】#1 わしこそが伝説のポケモン【剣持刀也/にじさんじ】,"にじさんじ所属ライバー剣持刀也
好きなデジモンはグレイモン

有栖ちゃん https://youtu.be/8Lc1XCskBR8
【Twitter】https://twitter.com/rei_Toya_rei",24,2019-11-15T15:18:26Z,PT2H30M58S,2d,hd,54243,1724,29,0,28,UCv1fFr156jc65EMiLbaLImw
54,Gj3v-ol3suc,剣持刀也～4世紀ぶりの歌枠～,"にじさんじ所属ライバー剣持刀也
七色の声帯を持つ男

【Twitter】https://twitter.com/rei_Toya_rei",24,2019-11-09T17:10:48Z,PT1H19M2S,2d,hd,106804,4366,34,0,157,UCv1fFr156jc65EMiLbaLImw
55,L55Dh3OM014,【マリオカート8DX】全員まとめてかかってきな【視聴者参加型】,"にじさんじ所属ライバー剣持刀也
反復横跳びをすると残像ができる

【Twitter】https://twitter.com/rei_Toya_rei",24,2019-11-03T17:10:50Z,PT1H27M55S,2d,hd,51770,2111,49,0,32,UCv1fFr156jc65EMiLbaLImw
56,kBIA-_R_l5U,【所持品は】気付いたら無人島【一つだけ】,"にじさんじ所属ライバー剣持刀也
一分間に5回のパンチを繰り出す男

『無人島』 https://novelgame.jp/games/show/2306

【Twitter】https://twitter.com/rei_Toya_rei",24,2019-10-27T18:48:28Z,PT2H47M2S,2d,hd,90581,3117,54,0,60,UCv1fFr156jc65EMiLbaLImw
57,ZWK8J8XYDIU,【お祝い】記念配信【めでたい】,"にじさんじ所属ライバー剣持刀也
いやぁ～めでたい！ほんとにめでたい！


【Twitter】https://twitter.com/rei_Toya_rei",24,2019-10-23T16:32:35Z,PT55M11S,2d,hd,52152,3100,70,0,74,UCv1fFr156jc65EMiLbaLImw
58,aaZYF8paGVc,いろいろ振り返り雑談,"にじさんじ所属ライバー剣持刀也
最後の生き残り


【Twitter】https://twitter.com/rei_Toya_rei",24,2019-10-04T16:31:58Z,PT54M10S,2d,hd,36821,1769,59,0,46,UCv1fFr156jc65EMiLbaLImw
59,OuI2p8LTjew,剣持刀也とデトロイト５ 最終回【Detroit: Become Human】,"にじさんじ所属ライバー剣持刀也
ウインカー搭載


【Twitter】https://twitter.com/rei_Toya_rei",20,2019-09-29T17:37:34Z,PT1H58M27S,2d,hd,39593,1852,92,0,49,UCv1fFr156jc65EMiLbaLImw
60,5zJU3PZwhWQ,剣持刀也とデトロイト４【Detroit: Become Human】,"にじさんじ所属ライバー剣持刀也
状態：毒

次：https://www.youtube.com/watch?v=OuI2p8LTjew

【Twitter】https://twitter.com/rei_Toya_rei",20,2019-09-24T18:39:01Z,PT2H43M47S,2d,hd,48709,1904,112,0,30,UCv1fFr156jc65EMiLbaLImw
61,aL2miLzRoiw,にじさんじのゲームやる【メイドインにじさんじ】,"にじさんじ所属ライバー剣持刀也
自然物に例えると：海


メイドインにじさんじ
http://site-1964708-2099-5129.mystrikingly.com


【Twitter】https://twitter.com/rei_Toya_rei",24,2019-09-21T16:33:49Z,PT55M37S,2d,hd,62062,2726,166,0,49,UCv1fFr156jc65EMiLbaLImw
62,hq8rz0zlC-c,剣持刀也とデトロイト３【Detroit: Become Human】,"にじさんじ所属ライバー剣持刀也
ちりめんじゃこ一匹で2ヵ月もつ男

次：https://www.youtube.com/watch?v=5zJU3PZwhWQ

【Twitter】https://twitter.com/rei_Toya_rei",24,2019-09-07T18:36:30Z,PT2H40M4S,2d,hd,59128,2657,569,0,89,UCv1fFr156jc65EMiLbaLImw
63,FPvMxIBnE1E,【ラップバトル】MCトウヤ＆ピーナッツくんVSおめがシスターズ,"刀ピーとおめシスのバトル
元動画 https://www.youtube.com/watch?v=0oic4bt-7f4

おめがシスターズさん 
https://www.youtube.com/channel/UCNjTjd2-PMC8Oo_-dCEss7A
ピーナッツくん
https://www.youtube.com/channel/UCmgWMQkenFc72QnYkdxdoKA


【Twitter】https://twitter.com/rei_Toya_rei",24,2019-08-27T17:53:52Z,PT1M59S,2d,hd,427752,11238,168,0,633,UCv1fFr156jc65EMiLbaLImw
64,anIIB9o8U6E,くずもちとろあ最終回！,"長く続いたあのコラボもついに最終回！


千歳さん　https://www.youtube.com/channel/UCP2o-o6u4uX3uq1hXspl0rg?sub_confirmation=1
ロアちゃん　https://www.youtube.com/channel/UCCVwhI5trmaSxfcze_Ovzfw
葛葉くん　https://www.youtube.com/channel/UCSFCh5NL4qXrAy9u-u2lX3g


【Twitter】https://twitter.com/rei_Toya_rei",24,2019-08-29T17:55:35Z,PT2H5M43S,2d,hd,122618,4772,1000,0,350,UCv1fFr156jc65EMiLbaLImw
65,0oic4bt-7f4,剣持刀也のSharpness Radio 第19回【ゲストおめがシスターズさん】,"剣持刀也のSharpness Radio、通称しゃぷらじ
第19回のゲストはおめがレイさん、おめがリオさんです！

おめがシスターズさん https://www.youtube.com/channel/UCNjTjd2-PMC8Oo_-dCEss7A
ピーナッツくん https://www.youtube.com/channel/UCmgWMQkenFc72QnYkdxdoKA

【Twitter】https://twitter.com/rei_Toya_rei",24,2019-08-27T15:33:45Z,PT53M13S,2d,hd,84984,4586,73,0,103,UCv1fFr156jc65EMiLbaLImw
66,3gEg_Gm0m_Q,剣持刀也 ～剣持の誕生した日～,"にじさんじ所属バーチャルライバー剣持刀也
誕生日：8/22

【Twitter】https://twitter.com/rei_Toya_rei",24,2019-08-22T17:37:20Z,PT1H42M36S,2d,hd,82210,4077,108,0,82,UCv1fFr156jc65EMiLbaLImw
67,Fv1eOMqfOEk,剣持刀也とデトロイト２【Detroit: Become Human】,"にじさんじ所属バーチャルライバー剣持刀也
特徴：超高性能
次 https://www.youtube.com/watch?v=hq8rz0zlC-c&lc=z231jlainxnqebwri04t1aokg0mhfcvjplksz31lq415rk0h00410
【Twitter】https://twitter.com/rei_Toya_rei",20,2019-08-20T18:12:55Z,PT2H27M48S,2d,hd,64700,2385,107,0,68,UCv1fFr156jc65EMiLbaLImw
68,sxpAc5CdEGU,剣持刀也とデトロイト【Detroit: Become Human】,"にじさんじ所属バーチャルライバー剣持刀也
特技：ハッピーエンドにたどり着くこと
次：https://www.youtube.com/watch?v=Fv1eOMqfOEk&t=1817s

【Twitter】https://twitter.com/rei_Toya_rei",20,2019-08-17T18:09:30Z,PT1H57M46S,2d,hd,82379,3388,74,0,81,UCv1fFr156jc65EMiLbaLImw
69,LwfRTgKf-EA,剣持刀也～新3Dお披露目～,"にじさんじ所属バーチャルライバー剣持刀也
趣味：二段ジャンプ

【Twitter】https://twitter.com/rei_Toya_rei",24,2019-08-12T13:22:43Z,PT45M21S,2d,hd,194087,8000,90,0,196,UCv1fFr156jc65EMiLbaLImw
70,TggSPNv5K6A,スーパー咎人タイム,"剣持刀也と伏見ガク、二人は咎人
今宵、咎人共の狂宴が幕を開ける

＃咎人コラボ


【Twitter】https://twitter.com/rei_Toya_rei",24,2019-08-07T16:35:59Z,PT56M35S,2d,hd,88998,3781,31,0,59,UCv1fFr156jc65EMiLbaLImw
71,dSUBQnIDXb4,振り返り雑談、雪山人狼とかヤンキーとか,"にじさんじ所属バーチャルライバー 剣持刀也
ナノダイヤ配合

【Twitter】https://twitter.com/rei_Toya_rei",24,2019-08-03T16:29:56Z,PT55M10S,2d,hd,42350,2037,49,0,51,UCv1fFr156jc65EMiLbaLImw
72,g0Nkx6zvIRg,【Project Winter】雪山遭難サバイバル！！【＃V雪人狼 】,"8人のvtuberが雪山で遭難。
狼は誰だーーー。

各視点再生リスト
https://www.youtube.com/playlist?list=PLfh7JI1tDPvOrwc66QfKFkxUreSoWX_iR


月ノ美兎
https://www.youtube.com/channel/UCD-miitqNY3nyukJ4Fnf4_A
本間ひまわり
https://www.youtube.com/channel/UC0g1AE0DOjBYnLhkgoRWN1w
御伽原江良
https://www.youtube.com/channel/UCwQ9Uv-m8xkE5PzRc7Bqx3Q
名取さな
https://www.youtube.com/channel/UCIdEIHpS0TdkqRkHL5OkLtA
剣持刀也
https://www.youtube.com/channel/UCv1fFr156jc65EMiLbaLImw
ぽんぽこ
https://www.youtube.com/channel/UC1EB8moGYdkoZQfWHjh7Ivw
ピーナッツくん
https://www.youtube.com/channel/UCmgWMQkenFc72QnYkdxdoKA
樋口楓
https://www.youtube.com/channel/UCsg-YqdqQ-KFF0LNk23BY4A


【Twitter】https://twitter.com/rei_Toya_rei",24,2019-08-02T15:32:09Z,PT1H49M26S,2d,hd,91671,3226,28,0,52,UCv1fFr156jc65EMiLbaLImw
73,DQfQnoIEV7Q,剣持刀也のSharpness Radio 【第18回】,"剣持刀也のSharpness Radio、通称 #しゃぷらじ

【Twitter】https://twitter.com/rei_Toya_rei",24,2019-07-28T16:53:30Z,PT1H7M53S,2d,hd,54483,2333,22,0,26,UCv1fFr156jc65EMiLbaLImw
74,d9hPf2EKCiI,【初年齢制限】最強のドクターに俺はなる【surgeon simulator】,"にじさんじ所属バーチャルライバー剣持刀也
好きな医療器具：マーガリン

【Twitter】https://twitter.com/rei_Toya_rei",24,2019-07-22T16:34:32Z,PT56M35S,2d,hd,48811,2140,27,0,75,UCv1fFr156jc65EMiLbaLImw
75,v3MpyK8iC1o,真夏のクソゲー大運動会,"にじさんじ所属バーチャルライバー剣持刀也
悩み：視界が常にサーモグラフィー

【Twitter】https://twitter.com/rei_Toya_rei",24,2019-07-17T16:37:28Z,PT1H9S,2d,hd,65504,3016,33,0,45,UCv1fFr156jc65EMiLbaLImw
76,rTQg3kp15mY,クラスメイトに活動がバレたかもしれない男の配信,"にじさんじ所属バーチャルライバー剣持刀也
主な移動方法：スライディング

【Twitter】https://twitter.com/rei_Toya_rei",24,2019-07-13T16:32:52Z,PT57M57S,2d,hd,167299,4882,40,0,194,UCv1fFr156jc65EMiLbaLImw
77,1o7_pzAXctY,久々の剣持刀也,"にじさんじ所属バーチャルライバー剣持刀也
学校でのあだ名：山の神

【Twitter】https://twitter.com/rei_Toya_rei",24,2019-07-06T16:29:29Z,PT45M25S,2d,hd,52403,2361,25,0,31,UCv1fFr156jc65EMiLbaLImw
78,klNfKB65dos,【ラップバトル】MCトウヤVSばあちゃる,"剣持刀也とばあちゃるのバトル
元動画 https://www.youtube.com/watch?v=za_Fd888n8E

ばあちゃるさん https://www.youtube.com/channel/UC6TyfKcsrPwBsBnx2QobVLQ

【Twitter】https://twitter.com/rei_Toya_rei",24,2019-06-29T16:01:59Z,PT2M5S,2d,hd,339197,8492,96,0,604,UCv1fFr156jc65EMiLbaLImw
79,za_Fd888n8E,剣持刀也のSharpness Radio 第17回【ゲストばあちゃるさん】,"剣持刀也のSharpness Radio、通称しゃぷらじ
第17回のゲストはばあちゃるさんです！

ばあちゃるさん https://www.youtube.com/channel/UC6TyfKcsrPwBsBnx2QobVLQ

【Twitter】https://twitter.com/rei_Toya_rei",24,2019-06-29T15:49:39Z,PT1H11M30S,2d,hd,81940,5771,138,0,77,UCv1fFr156jc65EMiLbaLImw
80,tvWxHjkxjso,陰キャがディズニー行く,"にじさんじ所属バーチャルライバー剣持刀也
好きなディズニープリンセス：貞子

【Twitter】https://twitter.com/rei_Toya_rei",24,2019-06-19T16:36:55Z,PT51M48S,2d,hd,65396,2373,28,0,59,UCv1fFr156jc65EMiLbaLImw
81,Mh-N06GmD_0,漫画についていろいろ語る,"にじさんじ所属バーチャルライバー剣持刀也
特徴：夜に光る

【Twitter】https://twitter.com/rei_Toya_rei",24,2019-06-15T16:30:37Z,PT51M40S,2d,hd,38003,1709,20,0,27,UCv1fFr156jc65EMiLbaLImw
82,7QzUKRnY6oU,初めての料理配信【Cooking Simulator】,"にじさんじ所属バーチャルライバー剣持刀也
得意料理：イクラ

【Twitter】https://twitter.com/rei_Toya_rei",20,2019-06-11T16:35:29Z,PT56M48S,2d,hd,80780,2807,40,0,50,UCv1fFr156jc65EMiLbaLImw
83,afxLRkhRjUs,剣持刀也 ～お披露目と雑談～,"にじさんじ所属バーチャルライバー剣持刀也

※サムネはイメージです

【Twitter】https://twitter.com/rei_Toya_rei",24,2019-06-08T16:46:00Z,PT53M50S,2d,hd,58227,2455,44,0,48,UCv1fFr156jc65EMiLbaLImw
84,NRB3UV6CAB4,神ゲーらしいからやる【フィンチ家の奇妙な屋敷でおきたこと】,"にじさんじ所属バーチャルライバー剣持刀也
恐るべき男

【Twitter】https://twitter.com/rei_Toya_rei",20,2019-06-04T18:25:55Z,PT2H33M27S,2d,hd,70143,2168,19,0,49,UCv1fFr156jc65EMiLbaLImw
85,Vjp6BdDvRyM,剣持刀也 ~未知のホラーゲーム~,"にじさんじ所属バーチャルライバー剣持刀也
アピールポイント：関節が曲がる

ライトを消すだけの高時給な宿直
https://sites.google.com/view/atelierdodd/

【Twitter】https://twitter.com/rei_Toya_rei",20,2019-06-02T16:29:20Z,PT52M19S,2d,hd,66856,2669,25,0,67,UCv1fFr156jc65EMiLbaLImw
86,i5xj5uG9rMU,第一次にじさんじテトリス対戦,"第何次なのか分かりにくい
＃にじテト対決

えるさん
https://www.youtube.com/channel/UCYKP16oMX9KKPbrNgo_Kgag

竜胆尊さん
https://www.youtube.com/channel/UCPvGypSgfDkVe7JG2KygK7A

物述有栖さん
https://www.youtube.com/channel/UCt0clH12Xk1-Ej5PXKGfdPA

ドーラさん
https://www.youtube.com/channel/UC53UDnhAAYwvNO7j_2Ju1cQ

勇気ちひろさん
https://www.youtube.com/channel/UCLO9QDxVL4bnvRRsz6K4bsQ


【Twitter】https://twitter.com/rei_Toya_rei",24,2019-05-30T15:13:36Z,PT1H4M58S,2d,hd,114284,4507,165,0,81,UCv1fFr156jc65EMiLbaLImw
87,CG3oFt0T1ro,ポケモン的なゲームやる【動物ファイトクラブ】,"にじさんじ所属バーチャルライバー剣持刀也
異名：七色のゾウリムシ

【Twitter】https://twitter.com/rei_Toya_rei",24,2019-05-26T16:30:27Z,PT54M1S,2d,hd,75503,2929,35,0,52,UCv1fFr156jc65EMiLbaLImw
88,1fGE4azV4y8,剣持刀也のSharpness Radio 【第16回】,"剣持刀也のSharpness Radio、通称 #しゃぷらじ

【Twitter】https://twitter.com/rei_Toya_rei",24,2019-05-23T16:53:56Z,PT1H6M23S,2d,hd,50056,2072,24,0,51,UCv1fFr156jc65EMiLbaLImw
89,DKdDnlCE2Ak,30分ぶりの咎人コラボ,"剣持刀也と伏見ガクで咎人です
世界からピースを根絶するために活動しています


伏見ガク　https://www.youtube.com/channel/UCXU7YYxy_iQd3ulXyO-zC2w?sub_confirmation=1

【Twitter】https://twitter.com/rei_Toya_rei",24,2019-05-18T17:36:56Z,PT58M1S,2d,hd,66398,2700,27,0,53,UCv1fFr156jc65EMiLbaLImw
90,9ceIieJHgOU,100日ぶりの咎人コラボ,"剣持刀也と伏見ガクで咎人です
世界からピースを根絶するために活動しています


伏見ガク　https://www.youtube.com/channel/UCXU7YYxy_iQd3ulXyO-zC2w?sub_confirmation=1

【Twitter】https://twitter.com/rei_Toya_rei",24,2019-05-18T15:53:48Z,PT1H17M57S,2d,hd,76356,3395,29,0,35,UCv1fFr156jc65EMiLbaLImw
91,pesIKejSsY4,【収益化復活】弱点がなくなった男の配信,"にじさんじ所属バーチャルライバー剣持刀也
好きな企業：YouTube

【Twitter】https://twitter.com/rei_Toya_rei",24,2019-05-16T16:30:13Z,PT54M26S,2d,hd,75381,3436,51,0,65,UCv1fFr156jc65EMiLbaLImw
92,g9ePuV8obUQ,【50位以下で即配信終了】死に物狂いで生き残るテトリス,"にじさんじ所属バーチャルライバー剣持刀也
学校でのあだ名：不死鳥

【Twitter】https://twitter.com/rei_Toya_rei",24,2019-05-12T16:15:10Z,PT38M8S,2d,hd,55606,2178,34,0,53,UCv1fFr156jc65EMiLbaLImw
93,F1-sZxVGA4Y,【助けて】電話ボックスに閉じ込められました【所持金30円】,"にじさんじ所属バーチャルライバー剣持刀也
特技：塩もみ

公衆電話 https://novelgame.jp/games/show/1059

【Twitter】https://twitter.com/rei_Toya_rei",24,2019-05-07T18:10:32Z,PT2H28M45S,2d,hd,123139,3667,37,0,99,UCv1fFr156jc65EMiLbaLImw
94,hoK4g-UqlsY,【ラップバトル】MCトウヤVS葛葉,"剣持刀也と葛葉のバトル
元動画 https://www.youtube.com/watch?v=lkL55FtE9Zs


葛葉さん
https://www.youtube.com/channel/UCSFCh5NL4qXrAy9u-u2lX3g?sub_confirmation=1

【Twitter】https://twitter.com/rei_Toya_rei",24,2019-05-02T15:22:21Z,PT2M48S,2d,hd,1457403,36742,315,0,1952,UCv1fFr156jc65EMiLbaLImw
95,9MNkehk2cec,全肯定するって言って募ったお便りを全否定する配信,"にじさんじ所属バーチャルライバー剣持刀也
チャームポイント：肝臓

【Twitter】https://twitter.com/rei_Toya_rei",24,2019-05-03T16:30:44Z,PT52M55S,2d,hd,107777,3712,68,0,79,UCv1fFr156jc65EMiLbaLImw
96,lkL55FtE9Zs,剣持刀也のSharpness Radio 第15回【ゲスト葛葉さん】,"剣持刀也のSharpness Radio、通称しゃぷらじ
第15回のゲストは葛葉さんです！

葛葉 https://t.co/45Bh7lFcz8?amp=1


【Twitter】https://twitter.com/rei_Toya_rei",24,2019-04-30T16:33:14Z,PT1H24M31S,2d,hd,310941,13600,87,0,335,UCv1fFr156jc65EMiLbaLImw
97,c2EQbIEjWjE,剣持刀也 ~自分を知る~,"にじさんじ所属バーチャルライバー剣持刀也
サムネの顔：自分も怖い

【Twitter】https://twitter.com/rei_Toya_rei",24,2019-04-23T16:33:05Z,PT57M23S,2d,hd,73867,2546,29,0,67,UCv1fFr156jc65EMiLbaLImw
98,va6leJenHCo,【ラップバトル】MCトウヤVS椎名唯華,"剣持刀也と椎名唯華のバトル
元動画 https://www.youtube.com/watch?v=9WKdQxZCRtU


椎名唯華さん
https://www.youtube.com/channel/UC_4tXjqecqox5Uc05ncxpxg?sub_confirmation=1",24,2019-04-13T16:08:29Z,PT2M7S,2d,hd,640411,12973,200,0,591,UCv1fFr156jc65EMiLbaLImw
99,9WKdQxZCRtU,剣持刀也のSharpness Radio 第14回 【ゲスト椎名唯華さん】,"剣持刀也のSharpnessRadio、通称しゃぷらじ！
今回のゲストは椎名唯華さんです！

椎名唯華さん https://www.youtube.com/channel/UC_4tXjqecqox5Uc05ncxpxg
【Twitter】https://twitter.com/rei_Toya_rei",24,2019-04-13T15:50:52Z,PT1H13M52S,2d,hd,140182,5394,61,0,82,UCv1fFr156jc65EMiLbaLImw
100,ElJn5xPyyZo,【10万人記念】初めての凸枠【誰が来るかな？】,"にじさんじ所属ライバー剣持刀也
口癖：アバダ ケダブラ
【Twitter】https://twitter.com/rei_Toya_rei",24,2019-04-10T16:28:38Z,PT2H45M33S,2d,hd,329864,10648,164,0,206,UCv1fFr156jc65EMiLbaLImw
101,DIdHjsBddKc,剣持刀也~マシュマロ王の雑談~,"にじさんじ所属ライバー剣持刀也
垂直跳びの高さ：7ｍ
【Twitter】https://twitter.com/rei_Toya_rei",24,2019-04-07T16:31:25Z,PT56M,2d,hd,51051,2380,20,0,40,UCv1fFr156jc65EMiLbaLImw
102,Nya3y-ymC64,男子高校生、キャバクラに行く【ドリームクラブ】,"にじさんじ所属ライバー剣持刀也
特技：スタンディングオベーション

【Twitter】https://twitter.com/rei_Toya_rei",20,2019-04-03T15:51:47Z,PT2H9M19S,2d,hd,75014,2437,42,0,68,UCv1fFr156jc65EMiLbaLImw
103,n3Pu1314ZF4,【初配信】剣持刀子です！【4月1日】,"にじさんじ新人ライバーの剣持刀子です！
これからよろしくお願いします！
がんばるぞ～！٩(ˊᗜˋ*)و

【Twitter】https://twitter.com/rei_Toya_rei",24,2019-04-01T16:26:08Z,PT36M34S,2d,hd,202300,8430,429,0,224,UCv1fFr156jc65EMiLbaLImw
104,tEHFMBZDlLQ,男子高校生、キャバクラに行く【ドリームクラブzero】,"にじさんじ所属バーチャルライバー剣持刀也
愛情表現：側転

【Twitter】https://twitter.com/rei_Toya_rei",20,2019-03-29T16:43:59Z,PT1H6M3S,2d,hd,70271,2883,43,0,82,UCv1fFr156jc65EMiLbaLImw
105,VMTIcEmhIzM,【はじめまして】剣持刀也【初配信】,"にじさんじ所属バーチャルライバー剣持刀也
全世界のエビを曲げた男

【Twitter】https://twitter.com/rei_Toya_rei",24,2019-03-23T15:33:48Z,PT57M35S,2d,hd,82162,3279,76,0,92,UCv1fFr156jc65EMiLbaLImw
106,GD6zbd8O3nY,剣持刀也～鎮魂歌～,"にじさんじ所属バーチャルライバー剣持刀也
恐ろしく速い手刀：見えない

楽曲元：カラオケ歌っちゃう王様
　　　　ピアプロ様

抱いてセニョリータ：https://www.youtube.com/watch?v=2F-lMgXUUMo&t=77s
高嶺の花子さん：https://www.youtube.com/watch?v=W7stKXUGeSY
ダンデライオン：https://www.youtube.com/watch?v=nhHRilTqfSk
ラフ・メイカー：https://www.youtube.com/watch?v=G6dXVKJbqjc
ネオメロドラマティック：https://www.youtube.com/watch?v=ze_aFv_el58&t=89s
ツキアカリのミチシルベ：https://www.youtube.com/watch?v=MlgSD-b45Yk


【Twitter】https://twitter.com/rei_Toya_rei",24,2019-03-16T17:10:39Z,PT1H5M28S,2d,hd,93442,3182,29,0,109,UCv1fFr156jc65EMiLbaLImw
107,ySebnU_9fyI,【#にじさんじバトロワ】Cチーム:剣持刀也【チームが負けたら配信終了】,"鷹宮家の廃墟を闘技場にし、貴族の玩具になってバトルロワイアルをする #にじさんじバトルロワイヤル

ルールは至って簡単

時間差で出現するBOXからアイテムを奪い合い味方と共闘して
迫り来るリングの中で敵を殲滅せよ！

初戦
AクラスvsBクラス
CクラスvsDクラス

決勝戦
勝ち上がったクラス同士

※死んだらそのクラスは配信終了


■チームA、Cカメラ(鷹宮リオンchannel)
https://www.youtube.com/channel/UCV5ZZlLjk5MKGg3L0n0vbzw
■チームB、Dカメラ(緑仙channel)
https://www.youtube.com/channel/UCt5-0i4AVHXaWJrL8Wql3mw

■敗者ルーム(ドーラchannel)
https://www.youtube.com/channel/UC53UDnhAAYwvNO7j_2Ju1cQ

Q&A

Q、コメントについて
基本的に戦闘中は配信者からみなさまのコメントが見えません。予めご了承ください。

Q、戦闘中の通話について
同じチーム内でのチームボイスチャット内のみの情報共有となります。戦いに敗れる、または死亡した場合は死んでしまった画面のまま墓場ボイスチャット(ドーラチャンネル)に移動していただきます。
チームの敗北が確定後、配信即終了になります。

【Twitter】https://twitter.com/rei_Toya_rei",20,2019-03-15T12:56:05Z,PT54M16S,2d,hd,43739,1248,16,0,31,UCv1fFr156jc65EMiLbaLImw
108,DX2kiiWVxnc,剣持刀也～言語を超える男～,"にじさんじ所属バーチャルライバー剣持刀也
前世の死因：エクスペクト・パトローナム

【Twitter】https://twitter.com/rei_Toya_rei",24,2019-03-12T16:30:56Z,PT48M13S,2d,hd,60269,2518,21,0,62,UCv1fFr156jc65EMiLbaLImw
109,LDc333ClIBg,【Twitter1周年記念】全てのツイートを振り返る地獄配信【耐久】,"にじさんじ所属バーチャルライバー剣持刀也
とび膝蹴りを食らったこと：無い
【Twitter】https://twitter.com/rei_Toya_rei",24,2019-03-07T20:10:16Z,PT4H2M43S,2d,hd,88140,2550,28,0,70,UCv1fFr156jc65EMiLbaLImw
110,os9h3vinNxM,話題のゲームで1位を獲る【テトリス99】,"にじさんじ所属バーチャルライバー剣持刀也
趣味：マダツボミを見つけ次第なぐること

【Twitter】https://twitter.com/rei_Toya_rei",20,2019-03-02T16:37:47Z,PT1H2M12S,2d,hd,87392,2160,43,0,57,UCv1fFr156jc65EMiLbaLImw
111,nm5VvO9Z4gY,剣持刀也 ~神ゲーやるよ~【The Beginner's Guide】,"にじさんじ所属バーチャルライバー剣持刀也
防御力：ちくわの700倍

【Twitter】https://twitter.com/rei_Toya_rei",20,2019-02-27T17:42:48Z,PT2H2M4S,2d,hd,83101,2952,34,0,66,UCv1fFr156jc65EMiLbaLImw
112,Ns83sU2eAZs,剣持刀也のSharpness radio 【第13回】,"にじさんじ所属バーチャルライバー剣持刀也
時速50km

【Twitter】https://twitter.com/rei_Toya_rei",24,2019-02-23T16:26:08Z,PT1H12M46S,2d,hd,48837,2078,28,0,38,UCv1fFr156jc65EMiLbaLImw
113,uxDhoi--hoM,10分間で分かる剣持刀也②,"にじさんじ所属ライバーの剣持刀也です！
まとめ動画その②になります
よろしくお願いします！",24,2019-02-16T11:28:44Z,PT14M55S,2d,hd,117893,4186,22,0,183,UCv1fFr156jc65EMiLbaLImw
114,mhuA2i4xN00,剣持刀也～モアナの錬金術師～,"にじさんじ所属バーチャルライバー剣持刀也
一枚のパンに塗るジャムの量：4kg

【Twitter】https://twitter.com/rei_Toya_rei",24,2019-02-19T15:25:55Z,PT49M11S,2d,hd,45915,2029,25,0,44,UCv1fFr156jc65EMiLbaLImw
115,3VkSfPHGmg8,【Home Sweet Home】恐怖を超越したホラゲー実況⑥,"にじさんじ所属バーチャルライバー剣持刀也
登校にかかる時間：2日
【Home Sweet Homeまとめ】https://www.youtube.com/playlist?list=PLmNMakH9YANW9LpErl_oGaVxgWZlVrlJI
【Twitter】https://twitter.com/rei_Toya_rei",20,2019-02-10T17:07:21Z,PT1H23M24S,2d,hd,48569,1739,28,0,31,UCv1fFr156jc65EMiLbaLImw
116,9mLhaT5WlXY,ラスボスと化した剣持刀也【勇者のくせになまいきだor2】,"にじさんじ所属バーチャルライバー剣持刀也
好きな言葉：明太子

【Twitter】https://twitter.com/rei_Toya_rei",20,2019-02-08T16:45:11Z,PT1H7M30S,2d,hd,54465,1939,34,0,39,UCv1fFr156jc65EMiLbaLImw
117,djbPe8io4gQ,剣持刀也 ～？？？を解き明かす～,"にじさんじ所属バーチャルライバー剣持刀也
アッゴアゴ

【Twitter】https://twitter.com/rei_Toya_rei",24,2019-02-01T16:28:35Z,PT51M52S,2d,hd,117809,3498,66,0,112,UCv1fFr156jc65EMiLbaLImw
118,4RSHHLT3XSo,【トリガーコラボ】最強を決めろ！バチバチトークバトル,"今日はおしゃべりバトルカードゲーム「ペチャリブレ」で決闘します！ 
ハッシュタグは #にじさんじトリガー です！


・伏見ガク
YouTube: https://www.youtube.com/channel/UCXU7YYxy_iQd3ulXyO-zC2w?sub_confirmation=1
Twitter: https://twitter.com/gaku_fushimi

・夕陽リリ
YouTube: https://www.youtube.com/channel/UC48jH1ul-6HOrcSSfoR02fQ?sub_confirmation=1
Twitter: https://twitter.com/Yuuhi_Riri

・剣持刀也
YouTube: https://www.youtube.com/channel/UCv1fFr156jc65EMiLbaLImw?sub_confirmation=1
Twitter: https://twitter.com/rei_toya_rei",24,2019-01-26T13:07:14Z,PT59M55S,2d,hd,62196,3032,44,0,47,UCv1fFr156jc65EMiLbaLImw
119,WfikjLF0eIk,【Home Sweet Home】恐怖を超越したホラゲー実況⑤,"にじさんじ所属バーチャルライバー剣持刀也
五足歩行

【Twitter】https://twitter.com/rei_Toya_rei",20,2019-01-28T17:36:59Z,PT1H46M42S,2d,hd,59415,2060,28,0,46,UCv1fFr156jc65EMiLbaLImw
120,-h7ZzPi3MaU,剣持刀也VS究極の選択【The Stanley Parable】,"にじさんじ所属バーチャルライバー剣持刀也
弱点：心臓

【Twitter】https://twitter.com/rei_Toya_rei",20,2019-01-25T18:19:24Z,PT1H34M56S,2d,hd,77531,2856,46,0,51,UCv1fFr156jc65EMiLbaLImw
121,NJSAhECeF6k,剣持刀也のSharpness Radio 【第12回】,"にじさんじ所属バーチャルライバー剣持刀也
毎月22日はしゃぷらじ！　
お便りは http://twpf.jp/rei_Toya_rei

【Twitter】https://twitter.com/rei_Toya_rei",24,2019-01-22T16:00:30Z,PT1H10M14S,2d,hd,50730,2266,33,0,58,UCv1fFr156jc65EMiLbaLImw
122,Pni98OjzRkM,剣持刀也 ～感情をつかさどる～,"にじさんじ所属バーチャルライバー剣持刀也
一番好きな企業：YouTube

【Twitter】https://twitter.com/rei_Toya_rei",24,2019-01-18T16:31:49Z,PT52M17S,2d,hd,51216,2198,32,0,33,UCv1fFr156jc65EMiLbaLImw
123,7FWJDrZUCg0,剣持刀也 ～神の声を持つアゴ～,"にじさんじ所属バーチャルライバー剣持刀也
尊敬する人物：オベリスクの巨神兵

【Twitter】https://twitter.com/rei_Toya_rei",24,2019-01-15T16:33:10Z,PT54M5S,2d,hd,57477,2897,86,0,69,UCv1fFr156jc65EMiLbaLImw
124,__xY7c0eDoA,【Home sweet home】恐怖を超越したホラゲー実況④,"にじさんじ所属バーチャルライバー剣持刀也
NHKバーチャルのど自慢：鐘二つ受賞
【次】https://www.youtube.com/watch?v=WfikjLF0eIk&list=PLmNMakH9YANW9LpErl_oGaVxgWZlVrlJI&index=5
【Home Sweet Homeまとめ】https://www.youtube.com/playlist?list=PLmNMakH9YANW9LpErl_oGaVxgWZlVrlJI
【Twitter】https://twitter.com/rei_Toya_rei",20,2019-01-10T16:32:32Z,PT55M20S,2d,hd,49948,2050,44,0,39,UCv1fFr156jc65EMiLbaLImw
125,6cnaCikzPNU,マリカにじさんじ杯【決勝】,"にじさんじだらけのレースの祭典
マリカにじさんじ杯、決着



神田笑一さん
https://www.youtube.com/channel/UCWz0CSYCxf4MhRKPDm220AQ
本間ひまわりさん
https://www.youtube.com/channel/UC0g1AE0DOjBYnLhkgoRWN1w
椎名唯華さん
https://www.youtube.com/channel/UC_4tXjqecqox5Uc05ncxpxg
葛葉さん
https://www.youtube.com/channel/UCSFCh5NL4qXrAy9u-u2lX3g
竜胆尊さん
https://www.youtube.com/channel/UCPvGypSgfDkVe7JG2KygK7A
春崎エアルさん
https://www.youtube.com/channel/UCtAvQ5U0aXyKwm2i4GqFgJg
物述有栖さん
https://www.youtube.com/channel/UCt0clH12Xk1-Ej5PXKGfdPA
渋谷ハジメさん
https://www.youtube.com/channel/UCeK9HFcRZoTrvqcUCtccMoQ
成瀬鳴さん
https://www.youtube.com/channel/UCoM_XmK45j504hfUWvN06Qg
叶さん
https://www.youtube.com/channel/UCspv01oxUFf_MTSipURRhkA
闇夜乃モルルさん
https://www.youtube.com/channel/UCNUgrFCo2Hr_VXc9bEwjcHQ


【Twitter】https://twitter.com/rei_Toya_rei",20,2019-01-08T14:25:39Z,PT49M13S,2d,hd,99355,4229,91,0,39,UCv1fFr156jc65EMiLbaLImw
126,UqKKTaXdYQI,剣持刀也 ～マリカとVer2.0～,"にじさんじ所属バーチャルライバー剣持刀也
戦闘力：0.03メイウェザー

【Twitter】https://twitter.com/rei_Toya_rei",20,2019-01-05T16:44:05Z,PT1H1M30S,2d,hd,61001,2915,70,0,56,UCv1fFr156jc65EMiLbaLImw
127,pO1Kcm1tcH4,剣持刀也 ~謹賀新年~,"にじさんじ所属バーチャルライバー：剣持刀也
あけましておめでとうございます

【Twitter】https://twitter.com/rei_Toya_rei",24,2019-01-01T16:29:17Z,PT49M16S,2d,hd,51345,2602,56,0,44,UCv1fFr156jc65EMiLbaLImw
128,Hy7kQtiknOU,剣持刀也 ～剣持刀也の歴史～,"にじさんじ所属バーチャルライバー：剣持刀也


【Twitter】https://twitter.com/rei_Toya_rei",24,2018-12-27T17:37:35Z,PT1H42M51S,2d,hd,55570,2519,86,0,52,UCv1fFr156jc65EMiLbaLImw
129,ja-B-aXOPYU,【ラップバトル】MCトウヤVS道明寺晴翔,"剣持刀也と道明寺晴翔のバトル
元動画 https://www.youtube.com/watch?v=AQs3ULgk_c8

ゲーム部
https://www.youtube.com/channel/UC2ZVDmnoZAOdLt7kI7Uaqog",20,2018-12-22T15:56:52Z,PT2M8S,2d,hd,801387,17110,366,0,1231,UCv1fFr156jc65EMiLbaLImw
130,jx1rZ2PMhFY,とうピークリスマス,"ふたりきりのクリスマス

おしゃれになりたい！ピーナッツくんhttps://www.youtube.com/channel/UCmgWMQkenFc72QnYkdxdoKA

【Twitter】https://twitter.com/rei_Toya_rei",24,2018-12-25T15:21:17Z,PT44M30S,2d,hd,135806,5549,97,0,141,UCv1fFr156jc65EMiLbaLImw
131,AQs3ULgk_c8,剣持刀也のSharpness Radio 第11回 【ゲスト道明寺晴翔さん】,"毎月22日はしゃぷらじ！
今回のゲストはゲーム部の道明寺晴翔さんです！

ゲーム部：https://www.youtube.com/channel/UC2ZVDmnoZAOdLt7kI7Uaqog

【Twitter】https://twitter.com/rei_Toya_rei",20,2018-12-22T15:51:36Z,PT1H13M49S,2d,hd,202725,7266,158,0,188,UCv1fFr156jc65EMiLbaLImw
132,glEJjsHJt_4,大乱闘トガビトコラボァーズ  Special,"にじさんじ所属バーチャルライバー：剣持刀也
一般人：伏見ガク

伏見ガクhttps://www.youtube.com/channel/UCXU7YYxy_iQd3ulXyO-zC2w

【Twitter】https://twitter.com/rei_Toya_rei",20,2018-12-18T17:03:08Z,PT1H16M15S,2d,hd,90187,3286,101,0,45,UCv1fFr156jc65EMiLbaLImw
133,u8I97bq5k8Y,マリカにじさんじ杯 【Dリーグ】,"にじさんじだらけのレースの祭典、マリカにじさんじ杯開幕です！
叶さん
https://www.youtube.com/channel/UCspv01oxUFf_MTSipURRhkA

舞元啓介さん
https://www.youtube.com/channel/UCJubINhCcFXlsBwnHp0wl_g

伏見ガクさん
https://www.youtube.com/channel/UCXU7YYxy_iQd3ulXyO-zC2w

宇志海いちごさん
https://www.youtube.com/channel/UCmUjjW5zF1MMOhYUwwwQv9Q

闇夜乃モルルさん
https://www.youtube.com/channel/UCNUgrFCo2Hr_VXc9bEwjcHQ

成瀬鳴さん
https://www.youtube.com/channel/UCoM_XmK45j504hfUWvN06Qg

鷹宮リオンさん
https://www.youtube.com/channel/UCV5ZZlLjk5MKGg3L0n0vbzw

出雲霞さん
https://www.youtube.com/channel/UCLpYMk5h1bq8_GAFVBgXhPQ

桜凛月さん
https://www.youtube.com/channel/UCfQVs_KuXeNAlGa3fb8rlnQ
【Twitter】https://twitter.com/rei_Toya_rei",20,2018-12-16T15:50:10Z,PT42M9S,2d,hd,57147,2878,43,0,30,UCv1fFr156jc65EMiLbaLImw
134,fEO9kjTyC6w,マリカにじさんじ杯 【Cリーグ】,"にじさんじだらけのレースの祭典、マリカにじさんじ杯開幕です！

卯月コウさん
https://www.youtube.com/channel/UC3lNFeJiTq6L3UWoz4g1e-A

渋谷ハジメさん
https://www.youtube.com/channel/UCeK9HFcRZoTrvqcUCtccMoQ

赤羽葉子さん
https://www.youtube.com/channel/UCBi8YaVyZpiKWN3_Z0dCTfQ

物述有栖さん
https://www.youtube.com/channel/UCt0clH12Xk1-Ej5PXKGfdPA

ドーラさん
https://www.youtube.com/channel/UC53UDnhAAYwvNO7j_2Ju1cQ

森中花咲さん
https://www.youtube.com/channel/UCtpB6Bvhs1Um93ziEDACQ8g

黒井しばさん
https://www.youtube.com/channel/UCmeyo5pRj_6PXG-CsGUuWWg

【Twitter】https://twitter.com/rei_Toya_rei",20,2018-12-16T14:37:13Z,PT37M57S,2d,hd,80602,2672,94,0,34,UCv1fFr156jc65EMiLbaLImw
135,FIIFoRCvRXc,マリカにじさんじ杯 【Bリーグ】,"にじさんじだらけのレースの祭典、マリカにじさんじ杯開幕です！

葛葉さん
https://www.youtube.com/channel/UCSFCh5NL4qXrAy9u-u2lX3g

夕陽リリさん
https://www.youtube.com/channel/UC48jH1ul-6HOrcSSfoR02fQ

春崎エアルさん
https://www.youtube.com/channel/UCtAvQ5U0aXyKwm2i4GqFgJg

樋口楓さん
https://www.youtube.com/channel/UCsg-YqdqQ-KFF0LNk23BY4A

竜胆尊さん
https://www.youtube.com/channel/UCPvGypSgfDkVe7JG2KygK7A

勇気ちひろさん
https://www.youtube.com/channel/UCLO9QDxVL4bnvRRsz6K4bsQ

シスター・クレアさん
https://www.youtube.com/channel/UC1zFJrfEKvCixhsjNSb1toQ

でびでび・でびるさん
https://www.youtube.com/channel/UCP19rQ5V-46B-6ZeLDJqp5w

【Twitter】https://twitter.com/rei_Toya_rei",20,2018-12-16T13:30:24Z,PT40M47S,2d,hd,93516,2762,63,0,23,UCv1fFr156jc65EMiLbaLImw
136,vK-0p-4Vd40,マリカにじさんじ杯 【Aリーグ】,"にじさんじだらけのレースの祭典、マリカにじさんじ杯開幕です！

社築さん
https://www.youtube.com/channel/UCKMYISTJAQ8xTplUPHiABlA

本間ひまわりさん
https://www.youtube.com/channel/UC0g1AE0DOjBYnLhkgoRWN1w

神田笑一さん
https://www.youtube.com/channel/UCWz0CSYCxf4MhRKPDm220AQ

椎名唯華さん
https://www.youtube.com/channel/UC_4tXjqecqox5Uc05ncxpxg

家長むぎさん
https://www.youtube.com/channel/UC_GCs6GARLxEHxy1w40d6VQ

鈴谷アキさん
https://www.youtube.com/channel/UCt9qik4Z-_J-rj3bKKQCeHg

魔界ノりりむさん
https://www.youtube.com/channel/UC9EjSJ8pvxtvPdxLOElv73w

月ノ美兎さん
https://www.youtube.com/channel/UCD-miitqNY3nyukJ4Fnf4_A

えるさん
https://www.youtube.com/channel/UCYKP16oMX9KKPbrNgo_Kgag


【Twitter】https://twitter.com/rei_Toya_rei",20,2018-12-16T12:23:40Z,PT50M9S,2d,hd,127500,4118,120,0,27,UCv1fFr156jc65EMiLbaLImw
137,8xMgxeZC27A,【Home sweet home】恐怖を超越したホラゲー実況③【ヨーロッパ企画】,"にじさんじ所属ライバー剣持刀也
寝る時の姿勢：サタデーナイトフィーバー
【次】https://www.youtube.com/watch?v=__xY7c0eDoA&list=PLmNMakH9YANW9LpErl_oGaVxgWZlVrlJI&index=5&t=0s
【Home Sweet Homeまとめ】https://www.youtube.com/playlist?list=PLmNMakH9YANW9LpErl_oGaVxgWZlVrlJI
【Twitter】https://twitter.com/rei_Toya_rei",20,2018-12-13T16:34:59Z,PT54M58S,2d,hd,52093,2185,34,0,42,UCv1fFr156jc65EMiLbaLImw
138,ft15ha3145c,剣持刀也 ～クリスマス衣装と戦犯～,"【にじさんじ所属ライバー】剣持刀也
肺の数：２つ

【Twitter】https://twitter.com/rei_Toya_rei",24,2018-12-09T16:35:46Z,PT55M9S,2d,hd,60515,2281,58,0,93,UCv1fFr156jc65EMiLbaLImw
139,S114bpSMXs8,【にじくじ】楽屋ミラティブ＃4【年齢詐称ロリ】,"abemaTVで毎週放送中の『にじさんじのくじじゅうじ』
放送前の雰囲気を楽屋から生配信しました！
今回のゲストは物述有栖さんと月ノ美兎さんと樋口楓さんです！

剣持刀也 https://twitter.com/rei_Toya_rei",24,2018-12-03T12:00:03Z,PT3M30S,2d,hd,98068,3522,12,0,152,UCv1fFr156jc65EMiLbaLImw
140,bXab9FbmTv8,マリカにじさんじ杯　説明＆抽選会,"【にじさんじ所属ライバー】剣持刀也
七本指の孫の手を開発したことによりノーベル平和賞を受賞

【Twitter】https://twitter.com/rei_Toya_rei",24,2018-12-06T15:43:53Z,PT1H5M40S,2d,hd,68164,3276,108,0,44,UCv1fFr156jc65EMiLbaLImw
141,41cFeoqFteI,剣持刀也 ～バイノーラルしない配信～,"【にじさんじ所属バーチャルライバー】剣持刀也
すごい

【Twitter】https://twitter.com/rei_Toya_rei",24,2018-11-30T16:36:58Z,PT58M40S,2d,hd,42922,1848,36,0,33,UCv1fFr156jc65EMiLbaLImw
142,uSU1qOVUCf4,【Home sweet home】恐怖を超越したホラゲー実況②,"にじさんじ所属バーチャルライバー剣持刀也
全国 柿の種大会 優勝
【次】https://www.youtube.com/watch?v=8xMgxeZC27A&list=PLmNMakH9YANW9LpErl_oGaVxgWZlVrlJI&index=4&t=9s
【Home Sweet Homeまとめ】https://www.youtube.com/playlist?list=PLmNMakH9YANW9LpErl_oGaVxgWZlVrlJI
【Twitter】https://twitter.com/rei_Toya_rei",20,2018-11-27T17:34:33Z,PT1H51M13S,2d,hd,77215,2404,48,0,34,UCv1fFr156jc65EMiLbaLImw
143,0kt1hUIx4KA,剣持刀也 ～Vtuberについて語るVtuber～,"【にじさんじ所属バーチャルライバー】剣持刀也
全国 柿の種大会 優勝

【Twitter】https://twitter.com/rei_Toya_rei",24,2018-11-24T17:36:08Z,PT1H42M34S,2d,hd,76228,3338,123,0,83,UCv1fFr156jc65EMiLbaLImw
144,-AK9Q2yY4zk,剣持刀也のSharpness Radio 【第10回】,"【にじさんじ所属バーチャルライバー】剣持刀也
靴飛ばしの最高距離 218ｍ

【Twitter】https://twitter.com/rei_Toya_rei",24,2018-11-22T16:46:10Z,PT1H2M18S,2d,hd,52258,2429,32,0,75,UCv1fFr156jc65EMiLbaLImw
145,JfJbpMcJbNI,【にじくじ】楽屋ミラティブ＃3【需要ゼロASMR】,"abemaTVで毎週放送中の『にじさんじのくじじゅうじ』
放送前の雰囲気を楽屋から生配信しました！
今回のゲストは月ノ美兎さんと樋口楓さんと家長むぎさんとえるさんと物述有栖さんです！

剣持刀也 https://twitter.com/rei_Toya_rei",24,2018-11-15T17:01:00Z,PT9M44S,2d,hd,61211,2305,16,0,94,UCv1fFr156jc65EMiLbaLImw
146,s7etQPnjvxY,剣持刀也 ～無免許最速マリオカート～,"【にじさんじ所属バーチャルライバー】剣持刀也
中指を立てる速度：マッハ2

【Twitter】https://twitter.com/rei_Toya_rei",20,2018-11-17T16:41:10Z,PT1H1M37S,2d,hd,57545,1984,50,0,27,UCv1fFr156jc65EMiLbaLImw
147,L1RRdVg5VLk,【にじくじ】楽屋ミラティブ＃２【にじさんじは家族】,"abemaTVで毎週放送中の『にじさんじのくじじゅうじ』
放送前の雰囲気を楽屋から生配信しました！
今回のゲストは月ノ美兎さんと樋口楓さんとえるさんと静凛さんと物述有栖さんです！


剣持刀也 https://twitter.com/rei_Toya_rei",24,2018-11-10T18:03:01Z,PT4M58S,2d,sd,101885,3599,40,0,139,UCv1fFr156jc65EMiLbaLImw
148,dHcgBzEvcX8,【にじくじ】楽屋ミラティブ＃1【生放送直前】,"abemaTVで毎週放送中の『にじさんじのくじじゅうじ』
放送前の雰囲気を楽屋から生配信しました！
今回のゲストは 静凛さんと家長むぎさんです！


剣持刀也 https://twitter.com/rei_Toya_rei",24,2018-11-09T15:52:36Z,PT2M39S,2d,sd,46760,1865,13,0,37,UCv1fFr156jc65EMiLbaLImw
149,u06Gx1d71YU,【Home Sweet Home】恐怖を超越したホラゲー実況,"にじさんじ所属バーチャルライバー剣持刀也
中指を立てる速度：マッハ2
【次】https://www.youtube.com/watch?v=uSU1qOVUCf4&list=PLmNMakH9YANW9LpErl_oGaVxgWZlVrlJI&index=3&t=0s
【Home Sweet Homeまとめ】 https://www.youtube.com/playlist?list=PLmNMakH9YANW9LpErl_oGaVxgWZlVrlJI

【Twitter】https://twitter.com/rei_Toya_rei",20,2018-11-12T16:29:50Z,PT50M55S,2d,hd,84201,3144,51,0,67,UCv1fFr156jc65EMiLbaLImw
150,jZvVblGZhXg,剣持刀也 ～お前らと雑談～,"【にじさんじ所属バーチャルライバー】剣持刀也
自称 武士の家系

【Twitter】https://twitter.com/rei_Toya_rei",24,2018-11-08T16:35:34Z,PT53M3S,2d,hd,46738,2187,91,0,21,UCv1fFr156jc65EMiLbaLImw
151,nosdEu5kSPw,刀しずちーガク麻雀コラボ【雀荘にじさんじ】,"ざわ・・・ざわ・・・

静凛さん  
https://www.youtube.com/channel/UC6oDys1BGgBsIC3WhG1BovQ?sub_confirmation=1

勇気ちひろさん 
https://www.youtube.com/channel/UCLO9QDxVL4bnvRRsz6K4bsQ?sub_confirmation=1

伏見ガクさん   
https://www.youtube.com/channel/UCXU7YYxy_iQd3ulXyO-zC2w?sub_confirmation=1

【Twitter】https://twitter.com/rei_Toya_rei",24,2018-11-03T16:03:44Z,PT1H16M53S,2d,hd,147992,4297,80,0,113,UCv1fFr156jc65EMiLbaLImw
152,LOBZ3lla9nU,剣持刀也 ～天翔ける刀也～,"【にじさんじ所属バーチャルライバー】剣持刀也
全日本竹とんぼ大会　一回戦敗退

【Twitter】https://twitter.com/rei_Toya_rei",24,2018-10-30T16:35:52Z,PT57M22S,2d,hd,47951,2143,38,0,24,UCv1fFr156jc65EMiLbaLImw
153,e9h8P1YctaQ,剣持刀也 ～禁断の雑談～,"【にじさんじ所属バーチャルライバー】剣持刀也
全日本竹とんぼ大会　一回戦敗退

【Twitter】https://twitter.com/rei_Toya_rei",24,2018-10-26T16:33:34Z,PT53M42S,2d,hd,57157,2513,40,0,49,UCv1fFr156jc65EMiLbaLImw
154,69sv1YMNGF8,剣持刀也のSharpness Radio 【第9回】,"【にじさんじ所属バーチャルライバー】剣持刀也
モンドセレクション金賞 受賞

【Twitter】https://twitter.com/rei_Toya_rei",24,2018-10-22T16:35:42Z,PT54M33S,2d,hd,51031,2399,48,0,33,UCv1fFr156jc65EMiLbaLImw
155,iT716LCMNl8,剣持刀也 ～3D～,"【にじさんじ所属バーチャルライバー】剣持刀也
三年連続ベストジーニスト賞受賞

【Twitter】https://twitter.com/rei_Toya_rei",24,2018-10-15T13:10:16Z,PT1H3M14S,2d,hd,191561,6952,469,0,254,UCv1fFr156jc65EMiLbaLImw
156,FfjZmhu3GQY,【ラップバトル】MCトウヤVS月ノ美兎,"剣持刀也と月ノ美兎のバトル
元動画 https://www.youtube.com/watch?v=VAGT3c2waj0


月ノ美兎さん
https://www.youtube.com/channel/UCD-miitqNY3nyukJ4Fnf4_A",24,2018-10-10T16:21:54Z,PT2M7S,2d,hd,1032704,25450,374,0,836,UCv1fFr156jc65EMiLbaLImw
157,VFAxF7cShoU,剣持刀也 ～ゴージャスな雑談～,"【にじさんじ所属バーチャルライバー】剣持刀也
モンドセレクション金賞 受賞

【Twitter】https://twitter.com/rei_Toya_rei",24,2018-10-18T16:27:37Z,PT50M3S,2d,hd,59727,2549,43,0,62,UCv1fFr156jc65EMiLbaLImw
158,VAGT3c2waj0,剣持刀也のSharpness Radio 第8回【ゲスト月ノ美兎さん】,"毎月8日と22日はSharpness Radio
今回のゲストは月ノ美兎さんです！

月ノ美兎さん
https://www.youtube.com/channel/UCD-miitqNY3nyukJ4Fnf4_A

【Twitter】https://twitter.com/rei_Toya_rei?lang=ja",24,2018-10-10T16:10:27Z,PT1H12M23S,2d,hd,251054,9591,184,0,189,UCv1fFr156jc65EMiLbaLImw
159,tDCO-cvfhXQ,剣持刀也 ～新世界の神～,"【にじさんじ所属バーチャルライバー】剣持刀也
三年連続ベストジーニスト賞受賞

【Twitter】https://twitter.com/rei_Toya_rei?lang=ja",24,2018-10-02T19:00:48Z,PT2H52M50S,2d,hd,109731,2880,73,0,64,UCv1fFr156jc65EMiLbaLImw
160,f96py5uH7eA,剣持刀也 ～どんとこいアゴ侍～,"【にじさんじ所属バーチャルライバー】剣持刀也
三年連続ベストジーニスト賞受賞

【Twitter】https://twitter.com/rei_Toya_rei?lang=ja",24,2018-09-29T16:35:43Z,PT45M28S,2d,hd,52621,2331,45,0,48,UCv1fFr156jc65EMiLbaLImw
161,tMRWWUzeGlI,刀える仲良しコラボ,"今回はゲストにえるさんを招いてます！
【にじさんじ所属バーチャルライバー】剣持刀也
三年連続ベストジーニスト賞受賞

【にじさんじ所属バーチャルライバー】える
モンドセレクション金賞受賞

えるさんのチャンネル：https://www.youtube.com/channel/UCYKP16oMX9KKPbrNgo_Kgag


【Twitter】https://twitter.com/rei_Toya_rei?lang=ja",24,2018-09-25T15:38:59Z,PT55M56S,2d,hd,118797,5826,207,0,148,UCv1fFr156jc65EMiLbaLImw
162,7Pn27OUfX9s,剣持刀也のSharpness Radio【第7回】,"【にじさんじ所属バーチャルライバー】剣持刀也
三年連続ベストジーニスト賞受賞


【Twitter】https://twitter.com/rei_Toya_rei?lang=ja",24,2018-09-25T07:22:42Z,PT52M26S,2d,hd,52325,2166,55,0,49,UCv1fFr156jc65EMiLbaLImw
163,7HPWwKICPLs,剣持刀也のガチ茶番（音量調節版）,"半年記念配信の抜粋（音量調節版）
半年記念配信https://www.youtube.com/watch?v=nR3XnZof4Pg

【Twitter】https://twitter.com/rei_Toya_rei?lang=ja",24,2018-09-19T17:20:12Z,PT8M3S,2d,hd,61687,3562,18,0,154,UCv1fFr156jc65EMiLbaLImw
164,5OYX_GTZ1gA,咎人コラボ ～頂上決戦～,"【にじさんじ所属バーチャルライバー】剣持刀也
三年連続ベストジーニスト賞受賞

【にじさんじ所属バーチャルライバー】伏見ガク
Amazonレビュー☆4.1



伏見ガク：https://www.youtube.com/channel/UCXU7YYxy_iQd3ulXyO-zC2w



【Twitter】https://twitter.com/rei_Toya_rei?lang=ja",24,2018-09-21T16:38:43Z,PT56M13S,2d,hd,86946,3515,39,0,49,UCv1fFr156jc65EMiLbaLImw
165,nR3XnZof4Pg,剣持刀也 ～半年記念～,"にじさんじ所属バーチャルライバー剣持刀也
三年連続ベストジーニスト賞受賞


【Twitter】https://twitter.com/rei_Toya_rei?lang=ja",24,2018-09-19T16:32:11Z,PT52M7S,2d,hd,53256,2614,61,0,47,UCv1fFr156jc65EMiLbaLImw
166,4qfCEjH9MRA,剣持刀也 ～謝罪会見とゲームと絵描き～,"にじさんじ所属バーチャルライバー剣持刀也
三年連続ベストジーニスト賞


【Twitter】https://twitter.com/rei_Toya_rei?lang=ja",24,2018-09-14T16:38:40Z,PT55M13S,2d,hd,52928,2088,63,0,25,UCv1fFr156jc65EMiLbaLImw
167,pMmjyisP-Do,剣持刀也のSharpness Radio 【第6回】,"にじさんじ所属バーチャルライバーの剣持刀也です！

よろしくお願いします！

【Twitter】https://twitter.com/rei_Toya_rei?lang=ja",24,2018-09-08T16:37:33Z,PT57M3S,2d,hd,53347,2224,47,0,29,UCv1fFr156jc65EMiLbaLImw
168,GqtZtcS5bNY,剣持刀也 ～復活のマシュマロイーター～,"にじさんじ所属バーチャルライバーの剣持刀也です！

よろしくお願いします！

【Twitter】https://twitter.com/rei_Toya_rei?lang=ja",24,2018-09-02T16:33:28Z,PT53M59S,2d,hd,68870,2594,50,0,61,UCv1fFr156jc65EMiLbaLImw
169,IuT2NIJK8Cg,剣持刀也 ～小さき勇者の英雄譚～,"にじさんじ所属バーチャルライバーの剣持刀也です！
ori and the blind forestの実況になります！
よろしくお願いします！

【Twitter】https://twitter.com/rei_Toya_rei?lang=ja",24,2018-08-27T18:04:57Z,PT2H10M34S,2d,hd,59324,1910,59,0,28,UCv1fFr156jc65EMiLbaLImw
170,upavKw0i24U,剣持刀也 ～地獄のカラオケ枠～,"にじさんじ所属バーチャルライバーの剣持刀也です！
剣持刀也歌います
よろしくお願いします！

【Twitter】https://twitter.com/rei_Toya_rei?lang=ja",24,2018-08-26T17:13:11Z,PT1H25M48S,2d,hd,104007,3214,112,0,75,UCv1fFr156jc65EMiLbaLImw
171,S7KPl1wHCg0,剣持刀也のSharpness Radio 【第5回】,"にじさんじ所属バーチャルライバーの剣持刀也です！
Sharpness Radio 【第5回】
8/22は僕のお誕生日です！めでたい！
よろしくお願いします！

【Twitter】https://twitter.com/rei_Toya_rei?lang=ja",24,2018-08-22T16:34:40Z,PT55M,2d,hd,70093,3445,52,0,50,UCv1fFr156jc65EMiLbaLImw
172,i7iE1aV_bVk,剣持刀也 ～Happy Birthday～,"にじさんじ所属バーチャルライバーの剣持刀也です！
8/22は僕のお誕生日です！めでたい！
よろしくお願いします！

【Twitter】https://twitter.com/rei_Toya_rei?lang=ja",24,2018-08-22T14:59:05Z,PT51M14S,2d,hd,141060,6931,369,0,236,UCv1fFr156jc65EMiLbaLImw
173,q3l1OPfqWgg,【ラップバトル】MCトウヤ vs ピーナッツくん,"剣持刀也とピーナッツくんのバトル
元動画 https://www.youtube.com/watch?v=TnLwAaAfVoQ

おしゃれになりたいピーナッツくん
https://www.youtube.com/channel/UCmgWMQkenFc72QnYkdxdoKA",24,2018-08-10T17:16:15Z,PT2M22S,2d,hd,595371,13596,187,0,544,UCv1fFr156jc65EMiLbaLImw
174,sDBdhwqFrp8,剣持刀也 ～トーキングトウヤ～,"にじさんじ所属バーチャルライバーの剣持刀也です！

よろしくお願いします！

【Twitter】https://twitter.com/rei_Toya_rei?lang=ja",24,2018-08-15T16:32:06Z,PT53M31S,2d,hd,58145,2530,44,0,53,UCv1fFr156jc65EMiLbaLImw
175,txaaWl32pog,剣持刀也 ～性格診断と謝罪会見～,"にじさんじの剣持刀也です！
今日は久々にミラティブに里帰りした動画となります！
よろしくお願いします！",24,2018-08-03T01:19:43Z,PT35M12S,2d,hd,49512,1670,17,0,125,UCv1fFr156jc65EMiLbaLImw
176,TnLwAaAfVoQ,剣持刀也のSharpness Radio 第4回 【ゲストぽんぽこさん＆ピーナッツくん】,"にじさんじ所属バーチャルライバーの剣持刀也です！
毎月８日と２２日はSharpness Radioです！
今回は第3回の放送になります！
今回はゲストにピーナッツくんとぽんぽこさんのお二人をお招きしています！

おしゃれになりたいピーナッツくんhttps://www.youtube.com/channel/UCmgWMQkenFc72QnYkdxdoKA

甲賀流忍者ぽんぽこ
https://www.youtube.com/channel/UC1EB8moGYdkoZQfWHjh7Ivw

【Twitter】https://twitter.com/rei_Toya_rei?lang=ja",24,2018-08-10T17:20:04Z,PT59M33S,2d,hd,137196,4934,110,0,109,UCv1fFr156jc65EMiLbaLImw
177,kL8nF317CKk,剣持刀也 ～詐欺師とロリとヴァンパイア～,"にじさんじ所属バーチャルライバーの剣持刀也です！
今回はLiEatというゲームをやらせていただきました！
https://store.steampowered.com/app/373770/LiEat/
よろしくお願いします！

【Twitter】https://twitter.com/rei_Toya_rei?lang=ja",24,2018-07-30T17:29:59Z,PT1H46M49S,2d,hd,74737,2614,70,0,51,UCv1fFr156jc65EMiLbaLImw
178,sJ049vmlJe4,剣持刀也 ～剣持刀也と闇のゲーム～,"にじさんじ所属バーチャルライバーの剣持刀也です！
今回は作っていただいたこちらのゲームをやらせていただきます！
https://game.nicovideo.jp/atsumaru/games/gm7209?link_in=search-tag

よろしくお願いします！

【Twitter】https://twitter.com/rei_Toya_rei?lang=ja",24,2018-07-25T16:39:08Z,PT59M17S,2d,hd,72234,2558,40,0,53,UCv1fFr156jc65EMiLbaLImw
179,XLM8GrDLHic,剣持刀也のSharpness Radio 【第3回】,"にじさんじ所属バーチャルライバーの剣持刀也です！
毎月８日と２２日はSharpness Radioです！
今回は第3回の放送になります！
よろしくお願いします！

【Twitter】https://twitter.com/rei_Toya_rei?lang=ja",24,2018-07-22T16:46:24Z,PT59M26S,2d,hd,77187,3379,65,0,89,UCv1fFr156jc65EMiLbaLImw
180,rIpE1J44tXM,剣持刀也 ～復活と解放～,"にじさんじ所属ライバーの剣持刀也です！
復活しました。不死鳥のように。

【Twitter】https://twitter.com/rei_Toya_rei?lang=ja",24,2018-07-16T16:32:36Z,PT52M54S,2d,hd,81217,2462,80,0,63,UCv1fFr156jc65EMiLbaLImw
181,lc-msMI21_A,剣持刀也 ～帰ってきたトリガーコラボ～,"にじさんじ所属ライバーの剣持刀也です！
今回はゲストに伏見ガクさんと夕陽リリさんをお招きしています！

伏見ガク
https://www.youtube.com/channel/UCXU7YYxy_iQd3ulXyO-zC2w

夕陽リリ
https://www.youtube.com/channel/UC48jH1ul-6HOrcSSfoR02fQ",24,2018-07-06T16:41:20Z,PT56M6S,2d,hd,117046,5012,74,0,144,UCv1fFr156jc65EMiLbaLImw
182,VlwUSo9YSKQ,剣持刀也 ～伏見ガクとホラーと決闘～ (オトギリ実況プレイ),"にじさんじ所属ライバーの剣持刀也です！
今回はゲストに伏見ガクさんをお招きしています！

伏見ガク
https://www.youtube.com/channel/UCXU7YYxy_iQd3ulXyO-zC2w

オトギリ　～姿のない住人～Ver2.00https://www.freem.ne.jp/win/game/13647


知られざるエピソード０（放送事故）はこちら
https://www.youtube.com/watch?v=sI5GrvdtheA",24,2018-07-05T16:56:33Z,PT58M7S,2d,hd,93994,2404,28,0,45,UCv1fFr156jc65EMiLbaLImw
183,sI5GrvdtheA,剣持刀也 ～伏見ガクとホラーと決闘～ EP.0 (オトギリ実況),"にじさんじ所属ライバーの剣持刀也です！
今回はゲストに伏見ガクさんをお招きしています！

伏見ガク
https://www.youtube.com/channel/UCXU7YYxy_iQd3ulXyO-zC2w

オトギリ　～姿のない住人～Ver2.00https://www.freem.ne.jp/win/game/13647",24,2018-07-05T15:26:11Z,PT17M51S,2d,hd,41785,1387,22,0,17,UCv1fFr156jc65EMiLbaLImw
184,6us-sR2vgjM,にじさんじ「漢組radio」第3回,"第3回漢組radioです！
パーソナリティは剣持刀也と伏見ガクが担当します！


伏見ガク
https://www.youtube.com/channel/UCXU7YYxy_iQd3ulXyO-zC2w",24,2018-07-05T12:37:37Z,PT49M47S,2d,hd,56718,2037,56,0,59,UCv1fFr156jc65EMiLbaLImw
185,4OKhCfe3JZ0,剣持刀也 ～再生数ランキング～,"にじさんじ所属ライバーの剣持刀也です！
今回は６/22時点での僕の動画の再生数をランキングにしてみました！
表記はYouTubeとニコニコ動画の総再生数を記したものです！",24,2018-06-28T12:26:29Z,PT4M49S,2d,hd,85331,2624,44,0,219,UCv1fFr156jc65EMiLbaLImw
186,jMj11ZiyVpQ,剣持刀也 ～過去と未来～,"にじさんじ所属ライバーの剣持刀也です！

虚空へようこそ

https://twitter.com/rei_Toya_rei",24,2018-07-03T16:34:07Z,PT55M49S,2d,hd,57701,2576,50,0,54,UCv1fFr156jc65EMiLbaLImw
187,bbIjTwIsvds,燃やせよ！ にじさんじの森,"にじさんじメンバー8人でのおえかきの森コラボです！
ワチャワチャ感を味わうが良い！
さぁ燃やすぜ！！！

樋口楓
https://www.youtube.com/channel/UCsg-YqdqQ-KFF0LNk23BY4A
モイラ
https://www.youtube.com/channel/UCvmppcdYf4HOv-tFQhHHJMA
森中花咲
https://www.youtube.com/channel/UCtpB6Bvhs1Um93ziEDACQ8g
宇志海いちご
https://www.youtube.com/channel/UCmUjjW5zF1MMOhYUwwwQv9Q
伏見ガク
https://www.youtube.com/channel/UCXU7YYxy_iQd3ulXyO-zC2w
渋谷ハジメ
https://www.youtube.com/channel/UCeK9HFcRZoTrvqcUCtccMoQ
鈴谷アキ
https://www.youtube.com/channel/UCt9qik4Z-_J-rj3bKKQCeHg",24,2018-06-23T13:37:54Z,PT1H54M47S,2d,hd,167780,3543,106,0,104,UCv1fFr156jc65EMiLbaLImw
188,uRHG8Kp7gtM,剣持刀也のSharpness Radio【第2回】,"にじさんじ所属バーチャルライバーの剣持刀也です！
毎月８日と２２日はSharpness Radioです！
今回は第2回の放送になります！
よろしくお願いします！",24,2018-06-22T17:57:39Z,PT1H,2d,hd,60076,2581,64,0,56,UCv1fFr156jc65EMiLbaLImw
189,UrIsfRTGV8U,剣持刀也 ～おえもりと神速のタイピング刀也～,"にじさんじ所属バーチャルライバーの剣持刀也です！
にじさんじとおえ森がコラボ中！みんなで遊びましょう！！
よろしくお願いします！",24,2018-06-16T15:38:25Z,PT53M59S,2d,hd,59287,2285,51,0,22,UCv1fFr156jc65EMiLbaLImw
190,N_5-RMZ2ZOI,剣持刀也 ～東方遊戯王カイジアイマス咲ジョジョvtuber～,"にじさんじ所属バーチャルライバーの剣持刀也です！
今回は題材決めてがっつり語っていきます！
話している題材については画面に表示しますのでうまいことつまみ食いしてください！
①東方project
②遊☆戯☆王
③福本信行作品
④THE IDOLM@STER
⑤咲-saki-
⑥ジョジョの奇妙な冒険
⑦バーチャルYouTuber

よろしくお願いします！",24,2018-06-15T16:36:19Z,PT56M55S,2d,hd,47371,2829,61,0,53,UCv1fFr156jc65EMiLbaLImw
191,ZO6EVqjpzqw,剣持刀也 ～対話～,"にじさんじ所属バーチャルライバーの剣持刀也です！
よろしくお願いします！",24,2018-06-11T16:35:04Z,PT55M25S,2d,hd,56986,3251,107,0,33,UCv1fFr156jc65EMiLbaLImw
192,cJjniTF2f6Q,剣持刀也のSharpness Radio 【第1回】,"にじさんじ所属バーチャルライバーの剣持刀也です！
毎月８日と２２日はSharpness Radioです！
今回は第1回の放送になります！
よろしくお願いします！",24,2018-06-08T19:26:17Z,PT1H13M52S,2d,hd,112314,5074,94,0,101,UCv1fFr156jc65EMiLbaLImw
193,duhLuCOepso,10分で分かる剣持刀也【公式】,"にじさんじ所属ライバーの剣持刀也です！
今回は初期の配信をまとめてみました！
よろしくお願いします！",24,2018-06-05T13:30:04Z,PT9M59S,2d,hd,295316,8679,161,0,639,UCv1fFr156jc65EMiLbaLImw
194,MuRsyGJE7CA,剣持刀也 ～真面目な話とかラップとか～,"にじさんじ所属バーチャルライバーの剣持刀也です！
よろしくお願いします！",24,2018-06-06T16:36:04Z,PT57M23S,2d,hd,59045,2703,54,0,33,UCv1fFr156jc65EMiLbaLImw
195,RW9a98sP1yo,剣持刀也 ～虚空の民と鉄骨渡り～（オトギリ実況プレイ）,"にじさんじ所属バーチャルライバーの剣持刀也です！
よろしくお願いします！

今回やらせていただいたゲーム
オトギリ　～姿のない住人～Ver2.00https://www.freem.ne.jp/win/game/13647",24,2018-06-03T16:32:22Z,PT53M54S,2d,hd,75901,3165,144,0,56,UCv1fFr156jc65EMiLbaLImw
196,gbCIJTvA2A8,剣持刀也 ～森中花咲とにじさんじQ～,"にじさんじ所属ライバーの剣持刀也です！
今回ミラティブ様のクイズ配信『にじさんじQ』で森中花咲さんと一緒に司会を務めてきました！
よろしくお願いします！

森中花咲https://www.youtube.com/channel/UCtpB6Bvhs1Um93ziEDACQ8g",24,2018-05-27T17:06:37Z,PT31M1S,2d,hd,61002,2280,108,0,162,UCv1fFr156jc65EMiLbaLImw
197,i4FABpbL7J8,剣持刀也 ～笑う顧問と豪州の神～,"にじさんじ所属バーチャルライバーの剣持刀也です！
よろしくお願いします！",24,2018-05-31T16:36:26Z,PT55M54S,2d,hd,57739,3298,85,0,43,UCv1fFr156jc65EMiLbaLImw
198,wBtZ3xOKnGA,剣持刀也 ～混沌とジェームズ～,"にじさんじ所属バーチャルライバーの剣持刀也です！
よろしくお願いします！",24,2018-05-25T16:40:37Z,PT44M49S,2d,hd,69185,3329,40,0,52,UCv1fFr156jc65EMiLbaLImw
199,5OWjeMxylfQ,剣持刀也 ～混沌とジェームズ～ ep.0,"にじさんじ所属バーチャルライバーの剣持刀也です！
よろしくお願いします！",24,2018-05-25T15:23:36Z,PT11M2S,2d,hd,29852,1581,22,0,11,UCv1fFr156jc65EMiLbaLImw
200,AVPAvDQt4PU,剣持刀也 ～世界征服～,"にじさんじ所属バーチャルライバーの剣持刀也です！
今日はcivやります！！
よろしくお願いします！",24,2018-05-22T17:32:44Z,PT2H48M4S,2d,hd,181381,5501,180,0,84,UCv1fFr156jc65EMiLbaLImw
201,3iiLih6mOaU,剣持刀也 ～伏見ガクとJCランナー～,"にじさんじ所属バーチャルライバーの剣持刀也です！
今回はゲストに伏見ガクさんをお招きしてます！
よろしくお願いします！

伏見ガク
https://twitter.com/gaku_fushimi
https://www.youtube.com/channel/UCXU7YYxy_iQd3ulXyO-zC2w",24,2018-05-18T15:07:22Z,PT55M9S,2d,hd,129211,4854,228,0,171,UCv1fFr156jc65EMiLbaLImw
202,3FPbyOo2ERc,剣持刀也 ～ZA☆TSU☆DA☆N～,"にじさんじ所属バーチャルライバーの剣持刀也です！
なんも決めちゃいねぇ！
よろしくお願いします！",24,2018-05-14T16:34:19Z,PT53M41S,2d,hd,67097,2759,66,0,47,UCv1fFr156jc65EMiLbaLImw
203,WaCBMAm2PQY,剣持刀也 〜裏切り者の凱旋〜 （ミラティブアーカイブ５）,"にじさんじとミラティブがコラボ期間中なので久々にミラティブに里帰りしました！
しゃべり欲求が解放された男のマシンガントークをご覧ください！",24,2018-05-07T16:35:12Z,PT54M24S,2d,sd,28586,800,37,0,42,UCv1fFr156jc65EMiLbaLImw
204,RMlsARxlfQk,剣持刀也 ～ひつまぶしとガチ恋勢～,"にじさんじ所属バーチャルライバーの剣持刀也です！
今回は久々にあれやります！
よろしくお願いします！",24,2018-05-10T16:30:22Z,PT53M,2d,hd,84336,2886,72,0,46,UCv1fFr156jc65EMiLbaLImw
205,OWePVlLZEeE,剣持刀也 ～剣持タワーバトル～,"にじさんじ公式バーチャルライバーの剣持刀也です！
よろしくお願いします！",24,2018-05-07T16:37:30Z,PT56M5S,2d,hd,185479,5650,125,0,104,UCv1fFr156jc65EMiLbaLImw
206,25mJvyBDnFk,剣持刀也 ～VSドキドキ文芸部③（最終回）～,"にじさんじ公式バーチャルライバーの剣持刀也です！
ドキドキ文芸部最終回！
よろしくお願いします！

楽曲
魔王魂　様",24,2018-05-01T18:14:07Z,PT2H27M44S,2d,hd,240062,6729,146,0,219,UCv1fFr156jc65EMiLbaLImw
207,2ljX-TTlLnU,剣持刀也 ～深夜のコラボ祭り～,"にじさんじ公式バーチャルライバーの剣持刀也です！
今回はゲストに伏見ガクさんを招いています！
他の人も招きます！
よろしくお願いします！

楽曲
魔王魂　様",24,2018-04-28T18:25:33Z,PT1H40M20S,2d,hd,218583,5813,136,0,92,UCv1fFr156jc65EMiLbaLImw
208,LTtmCDpy1F4,剣持刀也 ～伏見ガクと跳ねるウサギ～,"にじさんじ公式バーチャルライバーの剣持刀也です！
今回はゲストに伏見ガクさんを招いています！
よろしくお願いします！

伏見ガク
https://www.youtube.com/channel/UCXU7YYxy_iQd3ulXyO-zC2w

楽曲
魔王魂　様",24,2018-04-28T14:32:02Z,PT1H17M7S,2d,hd,262505,10818,106,0,192,UCv1fFr156jc65EMiLbaLImw
209,IDL1cD3rqGs,剣持刀也 ～VSドキドキ文芸部②～,"にじさんじ公式バーチャルライバーの剣持刀也です！
人生初恋愛シミュレーションです！
よろしくお願いします！",24,2018-04-27T17:40:33Z,PT1H57M4S,2d,hd,166775,4429,110,0,125,UCv1fFr156jc65EMiLbaLImw
210,YudnVFgvLbs,剣持刀也 ～VSドキドキ文芸部～,"にじさんじ公式バーチャルライバーの剣持刀也です！
人生初恋愛シミュレーションです！
よろしくお願いします！",24,2018-04-26T18:03:02Z,PT2H16M53S,2d,hd,210551,5114,116,0,146,UCv1fFr156jc65EMiLbaLImw
211,87XLyhuR1_E,剣持刀也 ～史上最弱の雀士～,みないでください,24,2018-04-24T03:54:05Z,PT1H44M44S,2d,hd,110776,3208,93,0,102,UCv1fFr156jc65EMiLbaLImw
212,naAPzaylqwo,剣持刀也 ～宇宙へ～,"にじさんじ公式バーチャルライバーの剣持刀也です！
先にこちらを見るとわかりやすいです！
https://www.youtube.com/watch?v=yiLKAspOB9g
よろしくお願いします！",24,2018-04-20T16:35:55Z,PT53M13S,2d,hd,96905,3289,90,0,61,UCv1fFr156jc65EMiLbaLImw
213,yiLKAspOB9g,剣持刀也 ～宇宙へ～EP.0【放送事故】,"にじさんじ公式バーチャルライバーの剣持刀也です！
放送事故のです！！！
本編はこちらですhttps://www.youtube.com/watch?v=naAPzaylqwo
よろしくお願いします！",24,2018-04-20T15:07:35Z,PT2M36S,2d,hd,52587,1770,63,0,37,UCv1fFr156jc65EMiLbaLImw
214,RmCyzVIoa4g,剣持刀也～３馬鹿コラボ～,"にじさんじ所属バーチャルライバーの剣持刀也です！
今回はゲストに夕陽リリさんと伏見ガクさんをお招きしてます！
よろしくお願いします！

夕陽リリ
https://www.youtube.com/channel/UC48jH1ul-6HOrcSSfoR02fQ
伏見ガク
https://www.youtube.com/channel/UCXU7YYxy_iQd3ulXyO-zC2w",24,2018-04-17T16:31:58Z,PT56M19S,2d,hd,229551,8910,187,0,195,UCv1fFr156jc65EMiLbaLImw
215,wofiCsKzPuY,剣持刀也～世界と戦う男子高校生～,"にじさんじ公式バーチャルライバーの剣持刀也です！
好きな甲殻類フライはエビフライです！
よろしくお願いします！",24,2018-04-16T16:35:21Z,PT57M22S,2d,hd,91388,2949,245,0,73,UCv1fFr156jc65EMiLbaLImw
216,QoXcKDkgp3w,剣持刀也～叫ぶコウメと吠える戦犯～,"にじさんじ公式バーチャルライバーの剣持刀也です！
好きな禁止カードは強欲な壺です！
よろしくお願いします！",24,2018-04-13T16:36:47Z,PT55M50S,2d,hd,71088,3168,73,0,73,UCv1fFr156jc65EMiLbaLImw
217,LRONPgWjTys,剣持刀也～戦闘機とスリザリオ～,"にじさんじ公式バーチャルライバーの剣持刀也です！
好きな禁止カードは強欲な壺です！
よろしくお願いします！",24,2018-04-10T16:35:16Z,PT55M20S,2d,hd,104763,4385,49,0,65,UCv1fFr156jc65EMiLbaLImw
218,_QUc8JN_jCM,sharpness...歌ってみた【剣持刀也イメージソング】,"にじさんじ公式バーチャルライバーの剣持刀也です！
今回は僕のイメージソングとして作っていただいた曲を歌ってみました！
とてもかっこいい曲なので好きな人は編集で僕の声を除去して聞いてみてください！
　
sharpness... (作詞・作曲・編曲：nozakita kazumi)
元動画http://www.nicovideo.jp/watch/sm32956042",24,2018-04-05T15:02:20Z,PT1M44S,2d,hd,289411,7897,88,0,1035,UCv1fFr156jc65EMiLbaLImw
219,qXqHlgxgMZ4,剣持刀也～ホラーゲームナイト～,"にじさんじ公式バーチャルライバーの剣持刀也です！
好きな禁止カードは強欲な壺です！
よろしくお願いします！",24,2018-04-07T16:40:47Z,PT1H1M38S,2d,hd,94303,3409,75,0,80,UCv1fFr156jc65EMiLbaLImw
220,QO_VRYSFSgY,剣持刀也～ターミネーターとバーバリアン～,"にじさんじ公式バーチャルライバーの剣持刀也です！
世間では音の出るアゴなどと呼ばれております！
よろしくお願いします！",24,2018-04-04T16:33:36Z,PT58M54S,2d,hd,102157,6474,88,0,98,UCv1fFr156jc65EMiLbaLImw
221,fpgzrBtCLnM,剣持刀也～ゲームやろうぜ～,"にじさんじ公式バーチャルライバーの剣持刀也です！
世間では音の出るアゴなどと呼ばれております！
よろしくお願いします！",24,2018-04-01T16:37:42Z,PT58M42S,2d,hd,114332,3505,104,0,93,UCv1fFr156jc65EMiLbaLImw
222,lvE_s_VbhhI,剣持刀也～ウラガンキンともう一人のボク～,"にじさんじ公式バーチャルライバーの剣持刀也です！
世間では音の出るアゴなどと呼ばれております！
よろしくお願いします！",24,2018-03-29T16:30:54Z,PT56M14S,2d,hd,75785,2727,74,0,54,UCv1fFr156jc65EMiLbaLImw
223,LucB28x5hp0,剣持刀也～歌と魔人～,"にじさんじ公式バーチャルライバーの剣持刀也です！
世間では音の出るアゴなどと呼ばれております！
よろしくお願いします！",24,2018-03-28T17:22:29Z,PT56M47S,2d,hd,99718,4960,104,0,89,UCv1fFr156jc65EMiLbaLImw
224,mge5RRGYNWg,剣持刀也～おえかきの森に降り立った変態～,"にじさんじ公式バーチャルライバーの剣持刀也です！
世間では音の出るアゴなどと呼ばれております！
よろしくお願いします！",24,2018-03-26T16:34:24Z,PT56M58S,2d,hd,112136,5200,163,0,134,UCv1fFr156jc65EMiLbaLImw
225,yvBCTiiHIFg,剣持刀也～VSオーストラリアの痴漢～,"にじさんじ公式バーチャルライバーの剣持刀也です！
世間では音の出るアゴなどと呼ばれております！
よろしくお願いします！",24,2018-03-24T16:41:12Z,PT55M25S,2d,hd,84510,4309,24,0,71,UCv1fFr156jc65EMiLbaLImw
226,NjHYJqnKoOs,剣持刀也～YouTubeに降りたった変態～,"にじさんじ公式バーチャルライバーの剣持刀也です！
とうとうYouTubeデビューです！
YouTube様は素晴らしいです！
よろしくお願いします！",24,2018-03-23T16:42:32Z,PT58M4S,2d,hd,64003,5777,86,0,91,UCv1fFr156jc65EMiLbaLImw
227,km8RVD1a0RU,剣持刀也 ～ミラティブ最後の戦い～,"にじさんじ公式バーチャルライバーの剣持刀也です！
お世話になったミラティブ様とのラストバトルです！
よろしくお願いします！",24,2018-03-21T17:08:14Z,PT58M51S,2d,sd,41014,1355,57,0,105,UCv1fFr156jc65EMiLbaLImw
228,_XzK9jl6VAI,剣持刀也 ～誇り高きインド人ラッパー～,"にじさんじ公式バーチャルライバーの剣持刀也です！
クソマロ消費をしすぎてインド人ラッパーになりました！
よろしくお願いします！",24,2018-03-19T17:07:12Z,PT59M18S,2d,sd,60474,1593,37,0,130,UCv1fFr156jc65EMiLbaLImw
229,nAj_RCePpEM,剣持刀也 ～虚空に完全勝利した男～,"にじさんじ公式バーチャルライバーの剣持刀也です！
ついに虚空に打ち勝ちました！僕の雄姿を見てください！",24,2018-03-17T12:30:38Z,PT1H40M36S,2d,hd,67913,2732,49,0,193,UCv1fFr156jc65EMiLbaLImw
230,ilaMUJk831s,剣持刀也 ～初配信と虚空～,"にじさんじ公式バーチャルライバーの剣持刀也です。
僕のミラティブでの初配信のアーカイブになります！
ミラティブの動画をYouTubeに上げるのってなんか背徳感がありますね！
よろしくお願いします！",24,2018-03-14T22:26:44Z,PT30M12S,2d,hd,95339,3605,46,0,237,UCv1fFr156jc65EMiLbaLImw
