ranking,jp_name,eng_name,agency,total_subs,total_views,channel_id,debut,vid_cnt
1,キズナアイ,A.I.Channel, ,2730000,306284743,UC4YaOt1yT-ZeyB0OmxHgolA,2016-10-19T06:03:24Z,873
2,キズナアイ(ゲーム),A.I.Games, ,1460000,151414708,UCbFwe3COkDrbNsbMyGNCsDg,2017-03-14T05:55:28Z,759
3,輝夜月(かぐやるな),Kaguya Luna Official,VIC,988000,101713305,UCQYADFw7xEJ9oZSM5ZbqyBw,2017-12-04T15:00:41Z,107
4,ミライアカリ,Mirai Akari Project,元ENTUM,725000,66782277,UCMYtONm441rBogWK_xPH9HA,2014-03-01T00:53:27Z,272
5,電脳少女シロ,Siro Channel,.LIVE,700000,108805464,UCLhUvJ_wO9hOvv_yYENu4fQ,2017-06-23T10:07:37Z,1075
6,白上フブキ,フブキCh。白上フブキ,ホロライブ,610000,67129153,UCdn5BQ06XqgXoAxIhbqw5Rg,2018-05-24T02:41:21Z,851
7,田中ヒメ 鈴木ヒナ,HIMEHINA Channel, ,580000,103768212,UCFv2z4iM5vHrS8bZPq4fHQQ,2018-02-06T07:33:03Z,200
8,猫宮ひなた,ひなたチャンネル (Hinata Channel),元ENTUM,539000,44400835,UCevD0wKzJFpfIkvHOiQsfLQ,2018-02-11T08:34:06Z,217
9,月ノ美兎,月ノ美兎,にじさんじ(1・2期生),543000,82072334,UCD-miitqNY3nyukJ4Fnf4_A,2018-01-31T17:00:35Z,321
10,湊あくあ,Aqua Ch. 湊あくあ,ホロライブ,504000,62834052,UC1opHUrw8rvnsadT-iGp7Cg,2018-08-01T06:38:45Z,614
11,ヨメミ,ヨメミ -萌実- エトラ チャンネル,エイレーン一家,445000,57659761,UCy5lOmEQoivK5XK7QCaRKug,2017-08-20T13:06:57Z,224
12,本間ひまわり,本間ひまわり - Himawari Honma -,にじさんじ(ゲーマーズ出身),444000,77658308,UC0g1AE0DOjBYnLhkgoRWN1w,2018-07-02T09:34:28Z,673
13,戌神ころね,Korone Ch. 戌神ころね,ホロライブ,407000,39160982,UChAnqc_AY5_I3Px5dig3X1Q,2019-03-25T12:44:03Z,373
14,ホロライブ公式,hololive ホロライブ - VTuber Group,ホロライブ,390000,62447882,UCJFZiqLMntJufDCHc6bQixg,2016-03-03T09:13:00Z,122
15,桐生ココ,Coco Ch. 桐生ココ,ホロライブ,374000,43803654,UCS9uQI-jC3DE0L4IpXyvr6w,2019-12-04T09:54:01Z,299
16,夏実萌恵,Natsumi Moe - Virtual YouTuber,エイレーン一家,367000,31231815,UCBePKUYNhoMcjBi-BRmjarQ,2014-07-05T07:43:34Z,164
17,笹木咲,笹木咲 / Sasaki Saku,にじさんじ(ゲーマーズ出身),365000,42736598,UCoztvTULBYd3WmStqYeoHcA,2018-07-02T09:36:43Z,297
18,御伽原江良(おとぎばらえら),御伽原 江良 / Otogibara Era【にじさんじ】,にじさんじ(統合後),364000,37396576,UCwQ9Uv-m8xkE5PzRc7Bqx3Q,2019-01-15T07:16:09Z,266
19,兎田ぺこら,Pekora Ch. 兎田ぺこら,ホロライブ,374000,39146876,UC1DCedRgGHBdm81E1llLhOQ,2019-07-03T06:28:25Z,380
20,宝鐘マリン(ほうしょうまりん),Marine Ch. 宝鐘マリン,ホロライブ,366000,35994734,UCCzUftO8KOVkV4wQG1vkUvg,2019-07-22T11:58:30Z,344
21,夏色まつり,Matsuri Channel 夏色まつり,ホロライブ,366000,28052506,UCQ0UDLQCjY0rmuxCDE38FGg,2018-05-25T06:58:58Z,605
22,YuNi,YuNi - virtual singer -,upd8,343000,70856103,UCHTnX0CSX_KObo5I9WuZ64g,2018-05-14T12:06:15Z,101
23,道明寺ここあ,ここあMusic, ,342000,84844122,UCCebk1_w5oiMUTRxdNJq0sA,2018-07-09T08:13:30Z,113
24,ときのそら,SoraCh. ときのそらチャンネル,ホロライブ,346000,37554166,UCp6993wxpyDPHUpavwDFqgg,2017-09-07T03:02:42Z,391
25,にじさんじ公式,にじさんじ,にじさんじ(1・2期生),337000,68661035,UCX7YkU9nEeaoZbkVLVajcMg,2018-01-31T04:19:38Z,288
26,鈴原るる,鈴原るる【にじさんじ所属】,にじさんじ(統合後),328000,38639359,UC_a1ZYZ8ZTXpjg9xUY9sj8w,2019-03-20T10:53:46Z,397
27,赤井はあと,Haato Channel 赤井はあと,ホロライブ,334000,25610431,UC1CfXB_kRs3C-zaeTG3oGyg,2018-05-24T03:02:52Z,701
28,ゲーム部プロジェクト,ゲーム部プロジェクト,Unlimited,320000,176768707,UC2ZVDmnoZAOdLt7kI7Uaqog,2018-01-25T08:39:11Z,595
29,リゼ・ヘルエスタ,リゼ・ヘルエスタ -Lize Helesta-,にじさんじ(統合後),316000,36180715,UCZ1xuCK1kNmn5RzPYIZop3w,2019-03-19T05:26:11Z,244
30,白銀ノエル(しろがねのえる),Noel Ch. 白銀ノエル,ホロライブ,316000,16000178,UCdyqAaZDKHXg4Ahi7VENThQ,2019-07-26T12:28:31Z,244
31,葛葉,Kuzuha Channel,にじさんじ(ゲーマーズ出身),312000,69653798,UCSFCh5NL4qXrAy9u-u2lX3g,2018-03-05T05:36:02Z,518
32,椎名唯華, ,にじさんじ(ゲーマーズ出身),308000,51010212,UC_4tXjqecqox5Uc05ncxpxg,2018-07-27T08:57:37Z,601
33,犬山たまき,佃煮のりおちゃんねる【犬山たまき】,のりプロ,310000,40976289,UC8NZiqKx6fsDT3AVcMiVFyA,2017-06-29T17:59:34Z,347
34,アンジュ・カトリーナ,アンジュ・カトリーナ - Ange Katrina -,にじさんじ(統合後),307000,30513852,UCHVXbQzkl3rDfsXWo8xi2qw,2019-02-26T12:54:48Z,187
35,花譜(かふ),花譜,神椿,300000,49782656,UCQ1U65-CQdIoZ2_NA4Z4F7A,2018-10-16T15:27:40Z,112
36,猫又おかゆ,Okayu Ch. 猫又おかゆ,ホロライブ,306000,23430513,UCvaTdHTWBGv3MKj3KVqJVCw,2019-03-25T12:37:01Z,348
37,樋口楓,樋口楓【にじさんじ所属】,にじさんじ(1・2期生),297000,32951110,UCsg-YqdqQ-KFF0LNk23BY4A,2018-01-31T10:47:47Z,418
38,夢月ロア(ゆづきろあ),夢月ロア🌖Yuzuki Roa,にじさんじ(統合後),292000,25496224,UCCVwhI5trmaSxfcze_Ovzfw,2019-01-15T07:21:21Z,290
39,緑仙(リューシェン),緑仙channel,にじさんじ(SEEDs出身),291000,63748501,UCt5-0i4AVHXaWJrL8Wql3mw,2018-05-27T03:17:32Z,371
40,静凛,Shizuka Rin Official,にじさんじ(1・2期生),285000,39496455,UC6oDys1BGgBsIC3WhG1BovQ,2018-02-01T13:32:15Z,815
41,鈴鹿詩子,鈴鹿詩子 Utako Suzuka,にじさんじ(1・2期生),286000,44269448,UCwokZsOK_uEre70XayaFnzA,2018-03-06T08:28:20Z,422
42,星街すいせい,Suisei Channel,ホロライブ,299000,20111556,UC5CwaMl1eIgY8h02uZw7u8A,2018-03-18T08:32:39Z,281
43,さくらみこ,Miko Ch. さくらみこ,ホロライブ,285000,30634132,UC-hM6YJuNYVAmUWxeIr9FeA,2018-04-25T02:45:48Z,793
44,シフィ(シフィ―ル・エシラー),シフィ - Sifir Esirer -,エイレーン一家,277000,57089329,UCz0lin3ZsOtmr2yuTN2MDQg,2017-08-20T13:47:06Z,132
45,潤羽るしあ,Rushia Ch. 潤羽るしあ,ホロライブ,281000,11809020,UCl_gCybOJRIgOXw6Qb4qJzQ,2019-07-03T06:34:35Z,250
46,富士葵(ふじあおい),Aoi ch.,Smarprise,272000,61104974,UC3Ruo_5doyu514PesWGvCAg,2017-10-25T09:22:05Z,437
47,アルス・アルマル,アルス・アルマル -ars almal- 【にじさんじ】,にじさんじ(統合後),271000,28525746,UCdpUojq0KWZCN9bxXnZwz5w,2019-06-27T06:17:49Z,281
48,周防パトラ,Patra Channel / 周防パトラ 【ハニスト】,ハニーストラップ,269000,52408785,UCeLzT-7b2PBcunJplmWtoDg,2018-07-08T05:40:35Z,789
49,戌亥とこ(いぬいとこ),戌亥とこ-Inui Toko-【にじさんじ】,にじさんじ(統合後),266000,20738543,UCXRlIK3Cw_TJIQC5kSJJQMg,2019-03-19T03:56:54Z,163
50,叶(かなえ),Kanae Channel,にじさんじ(ゲーマーズ出身),267000,76689556,UCspv01oxUFf_MTSipURRhkA,2018-05-01T08:37:40Z,1387
51,ハロー キティ,HELLO KITTY / ハローキティ【Sanrio Official】,サンリオ,255000,20961007,UCyof-1Ko_jy2sOtivyTpc4Q,2018-08-13T03:04:41Z,153
52,キミノ ミヤ(MIYA KIMINO),Japanese HANJO! TV,upd8,255000,6045685,UCg8TPE5nLLOqlNnBivmQwww,2018-07-17T02:13:19Z,314
53,天神子兎音(てんじんことね),天神 子兎音 Tenjin Kotone,順位をツイート,254000,45037746,UCAr7rLi_Wn09G-XfTA07d4g,2018-04-18T08:49:08Z,298
54,紫咲シオン,Shion Ch. 紫咲シオン,ホロライブ,251000,19111716,UCXTpFs_3PqI41qX2d9tL2Rw,2018-08-03T08:32:21Z,424
55,大空スバル,Subaru Ch. 大空スバル,ホロライブ,252000,23567240,UCvzGlP9oQwU--Y0r9id_jnA,2018-08-22T07:29:15Z,485
56,バーチャルおばあちゃん(VB),バーチャルおばあちゃんねる, ,246000,56330123,UCTMgd9qnUD9qKBX5oTtD6ug,2018-01-30T09:56:15Z,519
57,社築(やしろ きずく),社築,にじさんじ(SEEDs出身),246000,29224754,UCKMYISTJAQ8xTplUPHiABlA,2018-05-25T00:13:18Z,357
58,竜胆尊(りんどうみこと),竜胆 尊 / Rindou Mikoto,にじさんじ(SEEDs出身),244000,16224665,UCPvGypSgfDkVe7JG2KygK7A,2018-08-07T06:54:15Z,190
59,百鬼あやめ,Nakiri Ayame Ch. 百鬼あやめ,ホロライブ,247000,12188007,UC7fk0CB07ly8oSl0aqKkqFg,2018-08-11T22:44:31Z,320
60,天音かなた(あまねかなた),Kanata Ch. 天音かなた,ホロライブ,241000,17256122,UCZlDXzGoo7d44bwdNObFacg,2019-12-04T09:13:34Z,206
61,癒月ちょこ,Choco Ch. 癒月ちょこ,ホロライブ,237000,10931165,UC1suqwovbL1kzsoaZgFZLKg,2018-08-20T05:41:58Z,695
62,織田信姫, , ,233000,30532675,UCGcD5iUDG8xiywZeeDxye-A,2018-03-08T09:47:16Z,327
63,ロボ子さん,Roboco Ch. - ロボ子,ホロライブ,238000,21260308,UCDqI2jOz0weumE8s7paEk6g,2018-02-08T00:59:18Z,805
64,ベルモンド・バンデラス, ,にじさんじ(SEEDs出身),233000,22824527,UCbc8fwhdUNlqi-J99ISYu4A,2018-09-19T08:02:01Z,413
65,大神ミオ,Mio Channel 大神ミオ,ホロライブ,237000,19881869,UCp-5t9SrOQwXMU7iIjQfARg,2018-12-01T08:52:15Z,468
66,マヤ・プトゥリ,Maya Putri, ,232000,11533556,UCyZoDBhW8cLrzZ-dqKdQqEg,2018-06-01T12:10:16Z,121
67,角巻わため(つのまきわため),Watame Ch. 角巻わため,ホロライブ,236000,18613531,UCqm3BQLlJfvkTsX_hvm0UmA,2019-12-04T10:02:43Z,279
68,おめがレイ おめがリオ,おめがシスターズ [Ω Sisters],upd8,230000,55466261,UCNjTjd2-PMC8Oo_-dCEss7A,2018-03-04T10:27:27Z,428
69,郡道美玲(ぐんどうみれい),【3年0組】郡道美玲の教室,にじさんじ(統合後),230000,24351158,UCeShTCVgZyq2lsBW9QwIJcw,2019-01-15T07:25:30Z,417
70,Melody,Projekt Melody, ,2940000,170491939,UCEAyAWDPVDQoi6gAz7a1NHg,2012-01-07T15:51:12Z,143
71,鷹宮リオン,鷹宮リオン,にじさんじ(SEEDs出身),217000,28609673,UCV5ZZlLjk5MKGg3L0n0vbzw,2018-08-07T05:25:06Z,647
72,花鋏キョウ,花鋏キョウ/キョウちゃんねる,Re:AcT,217000,26335553,UC4OeUf_KfYRrwksschtRYow,2018-08-30T15:19:19Z,73
73,シスター・クレア,シスター・クレア -SisterClaire-,にじさんじ(SEEDs出身),217000,22174470,UC1zFJrfEKvCixhsjNSb1toQ,2018-05-25T00:10:05Z,1201
74,加賀美ハヤト,加賀美 ハヤト/Hayato Kagami,にじさんじ(統合後),208000,23227983,UCmovZ2th3Sqpd00F5RdeigQ,2019-06-21T06:49:11Z,205
75,黛灰(まゆずみかい),黛 灰 / Kai Mayuzumi【にじさんじ】,にじさんじ(統合後),203000,23716187,UCb5JxV6vKlYVknoJB8TnyYg,2019-06-27T07:28:54Z,246
76,でびでび・でびる,でびでび・でびる,にじさんじ(SEEDs出身),203000,18409094,UCjlmCrq4TP1I4xguOtJ-31w,2019-01-31T10:36:58Z,368
77,しぐれうい, ,順位をツイート,205000,6996664,UCt30jJgChL8qeT9VPadidSw,2018-09-16T13:09:19Z,45
78,馬犬,BKNChannel,転生組,200000,2300902,UCUMJg1pikkU3qnAgbJ5pqew,2019-02-24T13:53:22Z,8
79,勇気ちひろ,勇気ちひろ,にじさんじ(1・2期生),202000,23402357,UCLO9QDxVL4bnvRRsz6K4bsQ,2018-01-31T17:58:14Z,485
80,ドーラ, ,にじさんじ(SEEDs出身),197000,17748878,UC53UDnhAAYwvNO7j_2Ju1cQ,2018-05-25T00:17:15Z,404
81,名取さな,さなちゃんねる, ,197000,14575001,UCIdEIHpS0TdkqRkHL5OkLtA,2018-03-06T04:16:35Z,134
82,星川サラ,星川サラ,にじさんじ(統合後),202000,13545841,UC9V3Y3_uzU5e-usObb6IE1w,2019-09-25T07:29:36Z,246
83,バーチャル番組連盟,バーチャル番組チャンネル, ,195000,15164209,UCt8tmsv8kL9Nc1sxvCo9j4Q,2015-02-02T18:28:43Z,70
84,ガッチマンV, , ,213000,4334121,UCqTGCMjeKOclEEfW8Vs7sXQ,2020-05-07T05:11:40Z,17
85,エクス・アルビオ,エクス・アルビオ -Ex Albio-,にじさんじ(統合後),192000,26242580,UCIytNcoz4pWzXfLda0DoULQ,2019-05-07T07:50:12Z,317
86,ヤミクモケリン,ケリン,upd8,188000,22956003,UCeAfiVvEuyICYJW-f3GnQjQ,2018-02-18T15:27:16Z,72
87,杏仁ミル, ,YahooTV,192000,7020715,UCFahBR2wixu0xOex84bXFvg,2018-11-30T06:06:36Z,65
88,アズマ リム(アズリム),Azuma Lim Channel -アズマ リム-, ,186000,10368497,UCARI2g7r-PHaxrIcAYsMfmA,2018-02-27T12:22:27Z,123
89,夜見れな(よるみれな),夜見れな/yorumi rena【にじさんじ所属】,にじさんじ(統合後),187000,20945738,UCL34fAoFim9oHLbVzMKFavQ,2019-06-20T11:12:06Z,359
90,健屋花那(すこやかな),健屋花那【にじさんじ】KanaSukoya,にじさんじ(統合後),187000,9704933,UC8C1LLhBhf_E2IBPLSDJXlQ,2019-07-04T07:25:11Z,198
91,鳩羽つぐ,鳩羽つぐ, ,185000,8564187,UCGaUWM5OQ7hU1JwbqvNBR4w,2018-02-08T08:39:35Z,12
92,ピンキーポップヘップバーン,Pinky Pop Hepburn Official,VIC,184000,8071387,UC1pR2ig6NhndhvicEgclNdA,2018-12-30T13:51:36Z,69
93,童田明治(わらべだめいじー),童田明治-わらべだめいじー-,にじさんじ(統合後),184000,15185984,UCveZ9Ic1VtcXbsyaBgxPMvg,2019-01-06T12:45:43Z,231
94,物述有栖,♥️♠️物述有栖♦️♣️,にじさんじ(1・2期生),179000,12880862,UCt0clH12Xk1-Ej5PXKGfdPA,2018-03-05T13:51:15Z,285
95,ジョー・力一(じょーりきいち),ジョー・力一 Joe Rikiichi,にじさんじ(SEEDs出身),179000,16529412,UChUJbHiTVeGrSkTdBzVfNCQ,2018-08-07T06:55:54Z,208
96,舞元啓介, ,にじさんじ(SEEDs出身),178000,22216927,UCJubINhCcFXlsBwnHp0wl_g,2018-08-07T06:40:33Z,308
97,花畑チャイカ,花畑チャイカ,にじさんじ(SEEDs出身),171000,20698901,UCsFn_ueskBkMCEyzCEqAOvg,2018-05-25T00:13:41Z,337
98,夢追翔,夢追翔のJUKE BOX,にじさんじ(SEEDs出身),170000,22343883,UCTIE7LM5X15NVugV7Krp9Hw,2018-09-19T07:48:38Z,287
99,剣持刀也,剣持刀也,にじさんじ(1・2期生),169000,25469990,UCv1fFr156jc65EMiLbaLImw,2018-03-05T15:23:52Z,231
100,森中花咲,森中花咲,にじさんじ(1・2期生),168000,21837094,UCtpB6Bvhs1Um93ziEDACQ8g,2018-03-14T07:29:33Z,434
