ranking,jp_name,eng_name,agency,total_subs,total_views,channel_id,debut,vid_cnt
81,名取さな,さなちゃんねる, ,197000,14575001,UCIdEIHpS0TdkqRkHL5OkLtA,2018-03-06T04:16:35Z,134
82,星川サラ,星川サラ,にじさんじ(統合後),202000,13545841,UC9V3Y3_uzU5e-usObb6IE1w,2019-09-25T07:29:36Z,246
83,バーチャル番組連盟,バーチャル番組チャンネル, ,195000,15164209,UCt8tmsv8kL9Nc1sxvCo9j4Q,2015-02-02T18:28:43Z,70
84,ガッチマンV, , ,213000,4334121,UCqTGCMjeKOclEEfW8Vs7sXQ,2020-05-07T05:11:40Z,17
85,エクス・アルビオ,エクス・アルビオ -Ex Albio-,にじさんじ(統合後),192000,26242580,UCIytNcoz4pWzXfLda0DoULQ,2019-05-07T07:50:12Z,317
86,ヤミクモケリン,ケリン,upd8,188000,22956003,UCeAfiVvEuyICYJW-f3GnQjQ,2018-02-18T15:27:16Z,72
87,杏仁ミル, ,YahooTV,192000,7020715,UCFahBR2wixu0xOex84bXFvg,2018-11-30T06:06:36Z,65
88,アズマ リム(アズリム),Azuma Lim Channel -アズマ リム-, ,186000,10368497,UCARI2g7r-PHaxrIcAYsMfmA,2018-02-27T12:22:27Z,123
89,夜見れな(よるみれな),夜見れな/yorumi rena【にじさんじ所属】,にじさんじ(統合後),187000,20945738,UCL34fAoFim9oHLbVzMKFavQ,2019-06-20T11:12:06Z,359
90,健屋花那(すこやかな),健屋花那【にじさんじ】KanaSukoya,にじさんじ(統合後),187000,9704933,UC8C1LLhBhf_E2IBPLSDJXlQ,2019-07-04T07:25:11Z,198
