ranking,jp_name,eng_name,agency,total_subs,total_views,channel_id,debut,vid_cnt
61,癒月ちょこ,Choco Ch. 癒月ちょこ,ホロライブ,237000,10931165,UC1suqwovbL1kzsoaZgFZLKg,2018-08-20T05:41:58Z,695
62,織田信姫, , ,233000,30532675,UCGcD5iUDG8xiywZeeDxye-A,2018-03-08T09:47:16Z,327
63,ロボ子さん,Roboco Ch. - ロボ子,ホロライブ,238000,21260308,UCDqI2jOz0weumE8s7paEk6g,2018-02-08T00:59:18Z,805
64,ベルモンド・バンデラス, ,にじさんじ(SEEDs出身),233000,22824527,UCbc8fwhdUNlqi-J99ISYu4A,2018-09-19T08:02:01Z,413
65,大神ミオ,Mio Channel 大神ミオ,ホロライブ,237000,19881869,UCp-5t9SrOQwXMU7iIjQfARg,2018-12-01T08:52:15Z,468
66,マヤ・プトゥリ,Maya Putri, ,232000,11533556,UCyZoDBhW8cLrzZ-dqKdQqEg,2018-06-01T12:10:16Z,121
67,角巻わため(つのまきわため),Watame Ch. 角巻わため,ホロライブ,236000,18613531,UCqm3BQLlJfvkTsX_hvm0UmA,2019-12-04T10:02:43Z,279
68,おめがレイ おめがリオ,おめがシスターズ [Ω Sisters],upd8,230000,55466261,UCNjTjd2-PMC8Oo_-dCEss7A,2018-03-04T10:27:27Z,428
69,郡道美玲(ぐんどうみれい),【3年0組】郡道美玲の教室,にじさんじ(統合後),230000,24351158,UCeShTCVgZyq2lsBW9QwIJcw,2019-01-15T07:25:30Z,417
70,Melody,Projekt Melody, ,2940000,170491939,UCEAyAWDPVDQoi6gAz7a1NHg,2012-01-07T15:51:12Z,143
