,vid_id,title,description,category,date,duration,2d3d,definition,views,likes,dislikes,favorites,num_comments,channel_id
0,ro23_OK3aO0,Felipe Leal com outra ?!!!,Instagram @melodyoficial3 @mbhitsprodutora,10,2020-05-26T00:02:10Z,PT4M24S,2d,hd,116168,18275,1878,0,3517,UCEAyAWDPVDQoi6gAz7a1NHg
1,E40UvSaafiE,É treta colega ( mano que babado rosa ),Instagram @melodyoficial3,10,2020-05-24T00:31:16Z,PT4M16S,2d,hd,213586,14276,26111,0,0,UCEAyAWDPVDQoi6gAz7a1NHg
2,o0VFWpx-9Wc,O Fee apareceu e me mandou um vídeo,Instagram @melodyoficial3,10,2020-05-22T23:16:41Z,PT4M45S,2d,hd,203861,34649,2522,0,2212,UCEAyAWDPVDQoi6gAz7a1NHg
3,UTWpNV9zUn8,"A fila andou , ( Felipe Leal )",Instagram @melodyoficial3,10,2020-05-21T00:16:17Z,PT4M14S,2d,hd,345398,51052,6051,0,6099,UCEAyAWDPVDQoi6gAz7a1NHg
4,Zayk5GivYHU,Descobrir tudo do Felipe e Alannis,Instagram @melodyoficial3 @mbhitsoficial,10,2020-05-15T23:39:12Z,PT10M6S,2d,hd,430298,59417,5046,0,0,UCEAyAWDPVDQoi6gAz7a1NHg
5,hucv2lxHA-A,Peguei a bella ligando pro Felipe Leal,Instagram @melodyoficial3 @bellaangeloficial,10,2020-05-12T21:01:47Z,PT5M6S,2d,hd,531299,66985,2261,0,2128,UCEAyAWDPVDQoi6gAz7a1NHg
6,GtsSUSCNeD4,Live Show | Melody e Bella Angel - Fique #EmCasa e Cante #Comigo,"#EmCasa #Melody #BellaAngel #FiqueemCasa
Este show é Pra vocês!

Redes Sociais Melody:
Instagram: http://instagram.com/melodyoficial3
Facebook: Melody Oficial 

Redes sociais Bella Angel:
Instagram: http://instagram.com/bellaangeloficial 
Facebook: Bella Angel 

Dançarinas:
Lorena: http://instagram.com/lorenoficial3
Júlia: http://instagram.com/yumioficial3

Part- especial:
MC Henny
http://instagram.com/mchennyoficial

Apoio: 
- Cake Love - Doces e Bolos 
- Buffet Saborear - Salgados Delivery

Realização:
@MB HITS PRODUTORA 
http://instagram.com/mbhitsprodutora
email: contato@mbhits.com.br 

Magic Live
http://instagram.com/magicliveoficial
email: contato@magicassessoria.com.br",10,2020-05-06T01:17:39Z,PT2H47M35S,2d,hd,587509,29915,2312,0,1677,UCEAyAWDPVDQoi6gAz7a1NHg
7,OqrqyE9e5Ks,Peguei a Bella com o Felipe Leal,Instagram @melodyoficial3 @bellaangeloficial,10,2020-05-02T20:02:48Z,PT5M19S,2d,hd,1738659,216136,12150,0,0,UCEAyAWDPVDQoi6gAz7a1NHg
8,7W9kYbKnApw,Reencontro com Felipe Leal,Instagram @melodyoficial3,10,2020-04-30T21:15:52Z,PT10M31S,2d,hd,407000,48380,1958,0,1919,UCEAyAWDPVDQoi6gAz7a1NHg
9,c3DU_NSUID0,Estou indo dormir na casa do Felipe Leal,Instagram @melodyoficial3,10,2020-04-29T21:43:51Z,PT3M1S,2d,hd,262337,28702,1395,0,1619,UCEAyAWDPVDQoi6gAz7a1NHg
10,Bgbof70J9xk,Me adota / Cover Melody e Bella Angel,Instagram @melodyoficial3 @bellaangeloficial,10,2020-04-27T22:37:11Z,PT2M38S,2d,hd,161703,14308,446,0,948,UCEAyAWDPVDQoi6gAz7a1NHg
11,4zFfjoi5MOk,Vingança - Melody e Bella Angel,Instagram @melodyoficial3 @bellaangeloficial,10,2020-04-26T23:28:16Z,PT2M54S,2d,sd,567277,29280,1630,0,2612,UCEAyAWDPVDQoi6gAz7a1NHg
12,c1-QOAaYtiU,Gelo - Melim Cover Melody e Bella Angel,Instagram @melodyoficial3 @bellaangeloficial,10,2020-04-25T00:09:15Z,PT2M30S,2d,hd,93894,9202,398,0,724,UCEAyAWDPVDQoi6gAz7a1NHg
13,FzhyU7tWbQg,Eu amo o Felipe Leal ?🤔,Instagram @meodyoficial3 @mbhitstodutora,10,2020-04-21T22:42:45Z,PT5M3S,2d,hd,252515,33606,1774,0,2177,UCEAyAWDPVDQoi6gAz7a1NHg
14,VvZEv2Dqac0,"Combate , rola um love, baile da Colômbia ,baby liga pra mim / Cover Melody e Bella angel",Instagram @melodyoficial3 @bellaangeloficial @mbhitsprodutora,10,2020-04-20T23:26:15Z,PT8M15S,2d,hd,194873,20908,939,0,0,UCEAyAWDPVDQoi6gAz7a1NHg
15,DEj_OlYniFc,Parei com tudo 😧🎤,Instagram @melodyoficial3 @mbhisprodutora,10,2020-04-19T23:17:23Z,PT3M45S,2d,hd,106602,14998,1503,0,1516,UCEAyAWDPVDQoi6gAz7a1NHg
16,VAsk7tyhf_E,Trolagem no niver da nossa mãe,Instagram @melodyoficial3 @bellaangeloficial @dayaeveroficial,10,2020-04-17T22:51:10Z,PT3M36S,2d,hd,50666,6244,198,0,340,UCEAyAWDPVDQoi6gAz7a1NHg
17,mLYkpe89ydk,Respondendo HATERS,Instagram @melodyoficial3 @bellaangeloficial,10,2020-04-15T23:40:47Z,PT17M36S,2d,hd,163487,21300,3187,0,0,UCEAyAWDPVDQoi6gAz7a1NHg
18,x4yafrX_p7g,Desafio da farinha 🤣,Instagram @melodyoficial3 @bellaangeloficial,10,2020-04-14T22:32:06Z,PT5M2S,2d,hd,179193,19260,878,0,0,UCEAyAWDPVDQoi6gAz7a1NHg
19,302wEH3rxdA,Web clip - vai se arrepender / Melody,Instagram @melodyoficial3 @mbhitsprodutora,10,2020-04-12T20:29:39Z,PT2M22S,2d,hd,122578,9237,528,0,762,UCEAyAWDPVDQoi6gAz7a1NHg
20,lIrMKHnxa1c,Marília Mendonça / graveto - Cover Melody,Instagram @melodyoficial3 @mbhitsprodutora,10,2020-04-08T21:56:08Z,PT2M52S,2d,hd,166730,12351,998,0,1557,UCEAyAWDPVDQoi6gAz7a1NHg
21,MoL5HoWx2go,Pintei cabelo o que acharam ?,Instagram @melodyoficial3 @mbhitsprodutora,10,2020-04-07T21:41:09Z,PT4M40S,2d,hd,122929,13180,1186,0,4261,UCEAyAWDPVDQoi6gAz7a1NHg
22,NJwfcHEUvXo,Precisava contar isso pra alguém 😭,Instagram @melodyoficial3 @mbhitsptodutora,10,2020-04-06T22:29:21Z,PT4M5S,2d,hd,954439,104618,40035,0,0,UCEAyAWDPVDQoi6gAz7a1NHg
23,n_c7_iWSbUo,Live Show #EmCasa - Cover By Melody e Bella Angel,"Acompanhe nas redes sociais: 

Instagram MELODY: http://instagram.com/melodyoficial3
Instagram BELLA : http://instagram.com/bellaangeloficial 

Locação: @MB HITS PRODUTORA 
http://instagram.com/mbhitsprodutora",10,2020-04-06T00:37:06Z,PT1H24M33S,2d,hd,165172,12723,728,0,696,UCEAyAWDPVDQoi6gAz7a1NHg
24,cHcXhCPIe_c,Manu gavassi / garoto errado Cover Melody,Instagram @melodyoficial3 @mbhitsprodutora,10,2020-04-02T00:26:57Z,PT3M14S,2d,hd,111115,11767,551,0,1111,UCEAyAWDPVDQoi6gAz7a1NHg
25,w7caE3DxGxo,Obrigado por estragar tudo/ Marília Mendonça - Cover Melody,Instagram @melodyoficial3,10,2020-03-30T00:20:36Z,PT2M25S,2d,hd,332492,11810,594,0,1138,UCEAyAWDPVDQoi6gAz7a1NHg
26,7CXGAJUPDB4,Sem sal / Marília Mendonça Cover Melody,Instagram @melodyoficial3 @mbhitsprodutora,10,2020-03-27T22:23:21Z,PT2M22S,2d,hd,173878,8405,527,0,919,UCEAyAWDPVDQoi6gAz7a1NHg
27,KvyCHeY5vG4,Felipe Leal pediu perdão . Devo perdoar ?,Instagram @melodyoficial3 @mbhitsprodutora,10,2020-03-26T21:01:50Z,PT4M14S,2d,hd,298198,37975,1696,0,8928,UCEAyAWDPVDQoi6gAz7a1NHg
28,07cUXuBOoC8,Amor de que / Pablo vitar - Cover Melody e Bella angel,Instagram @melodyoficial3 @bellaangeloficial @mbhitsprodutora,10,2020-03-25T23:38:52Z,PT2M27S,2d,hd,308972,21881,1155,0,1937,UCEAyAWDPVDQoi6gAz7a1NHg
29,OmQh1-ogM7w,CORONAVÍRUS FALSETE,Instagram @melodyoficial3 @mbhitsprodutora,10,2020-03-23T23:43:25Z,PT1M4S,2d,hd,257321,16700,3011,0,2540,UCEAyAWDPVDQoi6gAz7a1NHg
30,hGxFpSvMonE,Supera - Marília Mendonça Cover Melody,Instagram @melodyoficial3 @mbhitsprodutora,10,2020-03-21T20:04:02Z,PT2M39S,2d,hd,215635,19128,1541,0,2270,UCEAyAWDPVDQoi6gAz7a1NHg
31,-0PZSBM-OYw,Melody - Metralhadora 2 - Videoclipe Oficial,"Ouça em todas as Plataformas: https://lnkfi.re/metralhadora2

MB HITS PRODUTORA
11 942049429 
Email: contato@mbhits.com.br
Instagram: http://instagram.com/mbhitsprodutora

PRODUÇÃO MUSICAL:
DJ Malharo

METRALHADORA 2

Volume no talo
Meu grave tá batendo 
Gera tá dançando 
Esse movimento 
Melody no paredão 
A metralhadora voltou 
E o meu falsete fuzilou 
E o meu falsete fuzilou 
Toma falsetada toma toma falsetada vai 
E o meu falsete fuzilou 
Toma falsetada toma toma falsetada vai
E o meu falsete fuzilou


Diretor de Produção: Matheus Milet 
Edição e Finalização: Matheus Milet
Roteiro:  Belinho | @mbhitsprodutora

Figurino:  Loja Kings 

REDES SOCIAIS MELODY:
Instagram: http://instagram.com/melodyoficial3
Facebook: http://facebook.com/melodyoficial",10,2020-03-16T22:15:11Z,PT2M18S,2d,hd,1302565,64611,12793,0,6721,UCEAyAWDPVDQoi6gAz7a1NHg
32,VEWgBD_ClMA,Fui traída pelo Felipe Leal ?!!!,Instagram @melodyoficial3 @mbhitsprodutora,10,2020-03-07T15:04:27Z,PT4M58S,2d,hd,541920,54210,2165,0,5104,UCEAyAWDPVDQoi6gAz7a1NHg
33,cx6TXAm94dE,Mais uma irmã na família @mellanyoficial3,Instagram @mellanyoficial3 @melodyoficial3 @bellaangeloficial @mbhitsprodutora,10,2020-02-24T21:19:33Z,PT3M56S,2d,hd,322788,27551,582,0,1949,UCEAyAWDPVDQoi6gAz7a1NHg
34,gk2aCfN7A_U,"Quem é mais provável, com Felipe Leal",Instagram @melodyoficial3 @mbhitsprodutora,10,2020-02-05T19:21:17Z,PT9M16S,2d,hd,719085,61923,1605,0,2418,UCEAyAWDPVDQoi6gAz7a1NHg
35,JIYLj5XGWrE,Ensinando o Felipe Leal dançar funk,@melodyoficial3 @mbhitsprodutora,10,2020-01-31T22:13:57Z,PT7M55S,2d,hd,466586,46699,2948,0,0,UCEAyAWDPVDQoi6gAz7a1NHg
36,LTQGQQgefoM,Melody responde com Bella angel,Instagram @melodyoficial3 @bellaangeloficial @mbhitsprodutora,10,2020-01-28T20:16:15Z,PT13M11S,2d,hd,197968,20264,736,0,0,UCEAyAWDPVDQoi6gAz7a1NHg
37,uXldtlw4uTU,Me transformei na Anitta,Instalacao @melodyoficial3,10,2020-01-26T14:45:55Z,PT10M3S,2d,hd,69139,6696,459,0,819,UCEAyAWDPVDQoi6gAz7a1NHg
38,uN1JJ-a4FNk,Quem é mais provável,Instagram @melodyoficial3 @mbhitsprodutora,10,2020-01-16T16:32:18Z,PT10M16S,2d,hd,100596,9761,351,0,0,UCEAyAWDPVDQoi6gAz7a1NHg
39,f7V151GTsl4,Dançando funk em todas minhas musicas,Instagram @melodyoficial3 @mbhitsprodutora,10,2020-01-13T22:27:15Z,PT12M46S,2d,hd,462929,40545,3892,0,0,UCEAyAWDPVDQoi6gAz7a1NHg
40,-IPvcLnQ-_s,Vitao e Anitta - complicado / Cover Melody,@melodyoficial3 @mbhitsprodutora,10,2020-01-12T14:47:26Z,PT2M52S,2d,hd,87773,8274,463,0,1,UCEAyAWDPVDQoi6gAz7a1NHg
41,wuRKBYvZ0fc,Live com a Anitta,Instagram @melodyoficial3 @mbhitsptodutora,10,2020-01-09T00:44:55Z,PT6M1S,2d,hd,97496,8190,423,0,831,UCEAyAWDPVDQoi6gAz7a1NHg
42,Q-mlguxfrSs,É bailão bailão - mc Lele jp / Cover Melody,Instagram @melodyoficial3 @mbhitsoficial,10,2020-01-06T23:08:41Z,PT2M43S,2d,hd,237708,16648,1073,0,1218,UCEAyAWDPVDQoi6gAz7a1NHg
43,qEEMaivMeJ8,Primeira menstruação 🤫😬,Instagram @melodyoficial3 @bellaangeloficial,10,2020-01-04T15:48:05Z,PT5M32S,2d,hd,316720,31235,1250,0,0,UCEAyAWDPVDQoi6gAz7a1NHg
44,HZUhf0uOe1o,Fiz uma musica pro Felipe Leal ( último vídeo 2019 ),Instagram @melodyoficial3 @mbhitsprodutora,10,2019-12-31T21:29:51Z,PT5M44S,2d,hd,391243,39512,1042,0,2787,UCEAyAWDPVDQoi6gAz7a1NHg
45,Xu_dCdBfyGI,Ensinando a bella dançar funk,Instagram @meodyoficial3 @bellaangeloficial @mbhitsprodutora,10,2019-12-30T21:07:59Z,PT12M1S,2d,hd,1374291,135403,11524,0,0,UCEAyAWDPVDQoi6gAz7a1NHg
46,6rUovUBJUWY,Meu primeiro beijo 💋,Instagram @melodyoficial3 @mbhitsprodutora,10,2019-12-27T21:47:43Z,PT5M53S,2d,hd,489238,39244,2551,0,2293,UCEAyAWDPVDQoi6gAz7a1NHg
47,XoX4vtvItHk,Melody feat Fernando Cursino | Viciei no seu Jeito (Videoclipe Oficial),"OUÇA EM TODAS AS PLATAFORMAS
https://lnkfi.re/viciei


MB Hits Produtora 
Shows Melody: 
(11) 94204-9429


Fichas Tecnica 

Produção Musica:Dj Malharo
Produzido por (Beco Filmes) 
Diretor :Jonathan Alves
Direção:Jonathan ALves
Direção :Fabio Silva 
Produtor Executivo:Jonathan Alves 
Roteiro: Jonathan Alves
Assistente de Gravação : Washington Luis 
Diretor de Fotografia:Fabio Silva 
Op. de Câmera: Jonathan Alves
Op. de Câmera: Biofa Rec Life
Edição: Jonathan Alves
Color Grading: Jonathan Alves
Arte / Motion:Jonathan Alves 

Fernando Cursino: https://www.instagram.com/FERNANDOCURSINO/


Contrate já Beco Filmes 

(011)98773-2849 
(011)98995-6268
Email:becofilmessp@gmail.com",10,2019-12-22T21:17:55Z,PT3M20S,2d,hd,197848,11753,738,0,855,UCEAyAWDPVDQoi6gAz7a1NHg
48,oGXsk1WPBrU,Fiz o Felipe Leal chorar,Segue o canal 👉 https://www.youtube.com/channel/UCWObCg2u4oSa88ESiNWh73wInstagram @melodyoficial3 @mbhitsoficial,10,2019-12-18T19:23:29Z,PT13M34S,2d,hd,1754461,185107,7469,0,7326,UCEAyAWDPVDQoi6gAz7a1NHg
49,TRv2xIDHJkg,Peguei a bella com o Lucas Alaric,Instagram @melodyoficial3,10,2019-11-29T22:25:24Z,PT10M5S,2d,hd,508158,49339,1046,0,1981,UCEAyAWDPVDQoi6gAz7a1NHg
50,39BswQnYfMw,Bem pior que eu - Marília Mendonça / Cover Melody,Instagram @melodyoficial3 @mbhitsoficial,10,2019-11-28T01:10:39Z,PT2M30S,2d,hd,260443,15076,1039,0,1285,UCEAyAWDPVDQoi6gAz7a1NHg
51,GEzlxd7Z7gw,Anjo - Melody | Videoclipe Oficial,"MB HITS Produtora - Melody: 
(11) 94204-9429
 
Ouça em todas as plataformas: https://lnkfi.re/anjo

Anjo | Melody 
Composição: Bella Angel 
Produção Musical: DJ Malharo

Você me deixou...
 
Tu é um anjo que voa sem asas 
Eu sempre te levava as alturas mas sem mim 
Tu é um anjo que voa sem asas 
Tem cara de santo mas não é 
Eu sei, que de anjo tu não tem nada
Tu é um loucura, muita brisa mas sem mim
Tu é um anjo que voa sem asas 

Sei que tu gosta assim 
Tu vai embora e... vou correndo atrás 
Fala que amo e... que tu não sai da minha cabeça
Antes de fazer as coisas, pense bem nas consequências 

Não sei  o que quer de mim, mas eu posso te amar 
Desculpa se é insuficiente, é o que eu posso dar 
E se tu não quiser, pode ir embora assim
Não me preocupo, sei que sem mim ""cê""
Não vai ser feliz 

Tu é um anjo que voa sem asas 
Eu sempre te levava as alturas mas sem mim 
Tu é um anjo que voa sem asas 
Tem cara de santo mas não é 
Eu sei, que de anjo tu não tem nada
Tu é um loucura, muita brisa mas sem mim
Tu é um anjo que voa sem asas


Inscreva se Já no canal /OficalBecofilmes
Beco Filmes 
https://www.youtube.com/channel/UCt42WT-mEQofF44h-gAZTxQ

Contrate já Beco Filmes: 

(011)98773-2849 
(011)98995-6268
Email: becofilmessp@gmail.com 

Ficha Tecnicas 

Produzido por (Beco Filmes) 
Diretor :Jonathan Alves
Direção:Jonathan ALves
Direção :Fabio Silva 
Produtor Executivo:Jonathan Alves 
Roteiro: Jonathan Alves
Locação : MB Hits Produtora  @mbhitsprodutora
Assistente de Gravação : Washington Luis 
Diretor de Fotografia:Fabio Silva 
Op. de Câmera: Jonathan Alves
Op. de Câmera: Biofa Rec Life
Edição: Jonathan Alves
Color Grading: Jonathan Alves
Arte / Motion:Jonathan Alves 

Projeto gráfico do Lançamento: 
Ticy Vianna | @magicassessoria
e-mail: contato@magicassessoria.com.br

@Becofilmes
@Biofareclife
@MBhitsProdutora


AVISO IMPORTANTE 
Este videofonograma é um produto original e próprio da Gravadora e Editora.  @BECO FILMES A cópia dele ou o reenvio do mesmo resultará em grandes implicações ao seu canal do youtube ou até a exclusão do mesmo.",10,2019-11-20T19:00:02Z,PT2M54S,2d,hd,5618944,246345,18833,0,19996,UCEAyAWDPVDQoi6gAz7a1NHg
52,XwvyrM7ZljM,Make off do vídeo clip ( Anjo ) @mbhitsprodutora,Instagram @melodyoficial3 @mbhitsprodutora,10,2019-11-15T21:17:30Z,PT5M39S,2d,hd,666859,39813,1032,0,1444,UCEAyAWDPVDQoi6gAz7a1NHg
53,twmQ67ZJBlY,Minha irmã nasceu 💖 Mika Angel,Instagram @melodyoficial3 @bellaangeloficial @mikaangeloficial,10,2019-11-14T23:55:52Z,PT2M28S,2d,hd,418183,37429,961,0,1798,UCEAyAWDPVDQoi6gAz7a1NHg
54,GT64nIuYEuk,Túlio Rocha feat Melody - BadBoy  (Videoclipe Oficial),"Shows:
Melody (MB Hits)
(011)94204-9429

Ouça em todas as plataformas digitais: https://lnkfi.re/badboy


Música: Bad Boy

Trás logo Wisk do bom 
DJ aumenta esse som 
Eu só quero saber,
Eu só quero saber,
Eu só quero te enlouquecer

Seu jeito é uma fissura louca
Que me dá água na boca
Só quero te ver
Só quero te ver
Então cola aqui na minha goma 

Eu fico doido de tanta paixão por ela
Na expressão de cada toque que eu dou nela
Eu sei que tu também quer
Tu ta com vontade 
Se bater saudade, você ja sabe
Me liga mais tarde

Não para de me olhar
Vem que hoje vai rolar
Vai ser só curtição
Deixa eu te mostrar 

Não para de me olhar
Vem que hoje vai rolar
Vai ter só curtição
Então não para não 
Não para não 

Chama atenção , 
Com seu jeito de me olhar,
Tipo Bad Boy
Querendo me provocar

Tá tranquilão,
Porque ainda não me viu
Na mensagem ""to com saudade""
Certeza que tu sorriu

Cola na minha casa, que eu quero te ver yeah
Cola na minha casa, que eu quero você yeah, yeah
Cola na minha casa, que eu quero te ver yeah, yeah
Cola na minha casa 

Eu fico doido de tanta paixão por ela
Na expressão de cada toque que eu dou nela
Eu sei que tu também quer
Tu ta com vontade 
Se bater saudade, você ja sabe
Me liga mais tarde

Não para de me olhar
Vem que hoje vai rolar
Vai ser só curtição
Deixa eu te mostrar 

Não para de me olhar
Vem que hoje vai rolar
Vai ter só curtição
Então não para não 
Não para não 

Chama atenção , 
Com seu jeito de me olhar,
Tipo Bad Boy
Querendo me provocar

Tá tranquilão,
Porque ainda não me viu
Na mensagem ""to com saudade""
Certeza que tu sorriu

Cola na minha casa, que eu quero te ver yeah
Cola na minha casa, que eu quero você yeah, yeah
Cola na minha casa, que eu quero te ver yeah, yeah
Cola na minha casa 


 
Inscreva se Já no canal /OficalBecofilmes
Beco Filmes 
https://www.youtube.com/channel/UCt42...


Contrate já Beco Filmes 

(011)98773-2849 
(011)98995-6268
Email: becofilmessp@Gmail.com 


Contatos Para Shows
Túlio Rocha (Robson - Pastel)
(011) 96570-2142


Ficha Técnica 

Nome da Musica :Bad Boy
Artistas:Melody e Tulio Rocha
Estilo Musical:Trap 
Produção Musica: Dj Malharo
Beat: Ursão : Dj Malharo
Produzido por (Beco Filmes) 
Diretor :Jonathan Alves
Direção:Jonathan ALves /Fabio 
Diretor de Fotografia : Fabio (Biofa)
Produtor Executivo:Jonathan Alves 
Roteiro: Jonathan Alves/Fabio  /Jonathan/Robson /Belinho
Assistente de Gravação :Jonathan
Op. de Câmera: Jonathan Alves
Op. de Câmera: Biofa Rec Life
Edição: Jonathan Alves
Color Grading: Jonathan Alves
Arte / Motion:Jonathan Alves 


@Becofilmes
@Biofareclife


AVISO IMPORTANTE 
Este videofonograma é um produto original e próprio da Gravadora e Editora.  @BECO FILMES A cópia dele ou o reenvio do mesmo resultará em grandes implicações ao seu canal do youtube ou até a exclusão do mesmo.",10,2019-11-11T21:49:49Z,PT3M19S,2d,hd,657996,40612,4225,0,0,UCEAyAWDPVDQoi6gAz7a1NHg
55,jdXv6_eprZ4,"Convidei o Felipe Leal para participar do meu vídeo clip , veja o que ele respondeu",Instagram @melodyoficial3,10,2019-11-07T19:07:29Z,PT4M50S,2d,hd,317700,31857,1003,0,0,UCEAyAWDPVDQoi6gAz7a1NHg
56,fCW8NyfEjrg,Caneta azul funk / Melody - Bella - Belinho,Instagram @melodyoficial3 @belinhooficial3 @bellaangeloficial,10,2019-10-28T02:55:58Z,PT47S,2d,hd,669298,33213,8957,0,4107,UCEAyAWDPVDQoi6gAz7a1NHg
57,r6IqWDXa9L8,"Coreografia , Deixa rolar Mc Pedrinho e Melody",Instagram @melodyoficial3,10,2019-10-22T17:03:06Z,PT2M53S,2d,hd,335756,15401,904,0,0,UCEAyAWDPVDQoi6gAz7a1NHg
58,irQCF_x7uKw,Make com os irmãos Alaric,Instagram @melodyoficial3 @bellaangeloficial,10,2019-10-14T23:03:39Z,PT21M1S,2d,hd,228063,17966,586,0,1014,UCEAyAWDPVDQoi6gAz7a1NHg
59,PjviHI4QNqs,Role na praia,Instagram @melodyoficial3 @bellaangeloficial,10,2019-10-03T23:26:40Z,PT11M1S,2d,hd,203997,18424,737,0,0,UCEAyAWDPVDQoi6gAz7a1NHg
60,vL1CEfRiV8I,Pintei meu cabelo de rosa ( 6M no insta),Instagram @melodyoficial3,10,2019-09-21T23:57:23Z,PT8M,2d,hd,166042,14253,982,0,1591,UCEAyAWDPVDQoi6gAz7a1NHg
61,NZpOUjx6JNo,Melody - Eu e Você  | Live Sessions feat- Malharo,"SHOWS:
(11) 94204-9429

INSTAGRAM:
http://instagram.com/melodyoficial3

Microfone: AKG",10,2019-09-16T19:00:03Z,PT2M45S,2d,hd,189090,10048,300,0,899,UCEAyAWDPVDQoi6gAz7a1NHg
62,2LyjMt63Qbc,Arrumando o guarda roupa em 10 minutos,Instagram @melodyoficial3 @bellaangeloficial,10,2019-09-13T19:26:14Z,PT15M5S,2d,hd,187803,23301,834,0,0,UCEAyAWDPVDQoi6gAz7a1NHg
63,WXCRigwGeTo,As quatro estações/ Sandy & Junior - Cover Melody,Instagram @melodyoficial3,10,2019-09-05T23:56:00Z,PT3M12S,2d,hd,106311,7045,519,0,522,UCEAyAWDPVDQoi6gAz7a1NHg
64,BjdKQ84_Z4A,Clichê Day e vitao / Cover Melody,Instagram @melodyoficial3,10,2019-08-27T21:15:27Z,PT2M,2d,hd,95252,7867,308,0,482,UCEAyAWDPVDQoi6gAz7a1NHg
65,lZhsccr3M1Q,"Todo mundo vai sofrer/ Marília Mendonça, Cover Melody",Instagram @melodyoficial3,10,2019-08-24T00:47:26Z,PT2M,2d,hd,301825,21161,2414,0,2022,UCEAyAWDPVDQoi6gAz7a1NHg
66,7HBbkuPRXW0,Fomos assaltados no trânsito,Instagram @melodyoficial3 @bellaangeloficial @belinhooficial @daianeserveoficial,10,2019-08-20T22:28:34Z,PT9M45S,2d,hd,157461,14992,720,0,1278,UCEAyAWDPVDQoi6gAz7a1NHg
67,1Jip2x4tPO0,Duelo de Irmãos |  Melody & Bella Angel  vs Vic Dance & Mc Matheuzim,"Deixe seu like e se inscreva no canal?
Gostou do vídeo? Nos mande outras sugestões!

REDES SOCIAIS:

Melody 
Instagram: http://instagram.com/melodyoficial3

Bella Angel
http://instagram.com/ bellaangeloficial 

Mc Matheuzim 
instagram: instagram.com/mcmatheuzim

Vick Dance:
Instagram: instagram.com/vicdanceoficial",10,2019-08-19T21:54:41Z,PT15M38S,2d,hd,60644,3818,160,0,197,UCEAyAWDPVDQoi6gAz7a1NHg
68,RIKPcGBdOPQ,Já namorei mc Pedrinho ?,Instagram @meodyoficial3,10,2019-08-17T22:57:29Z,PT4M46S,2d,hd,677396,65387,5471,0,0,UCEAyAWDPVDQoi6gAz7a1NHg
69,u3cl19kQJXA,Deixa Rolar - Melody feat Mc Pedrinho - Videoclipe Oficial,"SHOWS:
(11) 94204-9429

DEIXA ROLAR - Melody feat MC Pedrinho 
Composição: Mc Belinho e Bella Angel 
Produção Musical: Malharo 

Eu chego em casa
E jogo a chave em qualquer lugar da minha sala
Eu ligo o celular e chamo a rapaziada
Mas lembro de você e tudo já se perde a graça, perde a graça
Eu colo na quebrada
E lembro de todos os momentos que passamos juntos 
Eu sei que terminamos mais ainda te amo muito
A nossa história não acabou, isso é um absurdo, absurdo 

Então não vem dizer que cê não foi feliz
Pois sei que foi sim, não adianta mentir
Isso não resolve nada 

Você é muito importante sim, 
Então volta pra mim, para de palhaçada
Vamos conversar e deixar rolar,
Só eu e você e esse som pra relaxar

Um clima no ar,  um vinho pra esquentar amor
Então deixa rolar... 

Deixa rolar, ah, ah, ah 
Deixa rolar, ah, ah, ah 
Deixa rolar, ah, ah, ah 
Deixa rolar, ah, ah, ah 
Deixa rolar... 

Já tava costumada, 
Com as nossas brigas de manhã, de tarde, madrugada
Nós dois se amamos, mas qualquer coisa a gente briga
Não sei se lembra mas cê me deixava, magoada, chateada

Confesso que fui feliz contigo sim, eu não vou mentir
Você me fez feliz, mas não adianta nada
Você é muito importante pra mim, 
Eu aceito sim, dar uma conversada

Vamos conversar e deixar rolar,
Só eu e você e esse som pra relaxar

Um clima no ar, um vinho pra esquentar amor
Então deixa rolar... 

Deixa rolar, ah, ah, ah 
Deixa rolar, ah, ah, ah 
Deixa rolar, ah, ah, ah 
Deixa rolar, ah, ah, ah 
Deixa rolar... 

FICHA TÉCNICA

Diretor de Produção: Mc Belinho 
Assessoria: Ticy Vianna 
Publicidade: Magic Assessoria (@MagicAssessoria)
Roteiro: Mc Belinho 

Atores: 
Matheus Alaric 
Lucas Alaric
Felipe Alaric
Bella Angel

Fotos:
Rejane Ramos - (@rejy_photography)",10,2019-08-14T21:00:07Z,PT2M53S,2d,hd,9792317,329838,19210,0,12056,UCEAyAWDPVDQoi6gAz7a1NHg
70,CBFGHtuklP0,Chá Revelação - Menina ou Menino?,"Gostou do Vídeo? Deixe seu like!!! 

Redes Sociais: 

Melody:
Instagram: http://instagram.com/melodyoficial3

Bella Angel: http://instagram.com/bellaangeloficial

Mãe: 
Daiane: http://instagram.com/daianeseveroficial

May: 
http://instagram.com/mayleangeloficial 

Aproveite para se inscrever no canal!!!",22,2019-07-29T23:33:53Z,PT18M58S,2d,hd,1960989,133089,6722,0,6026,UCEAyAWDPVDQoi6gAz7a1NHg
71,PSASp10bY7s,Making off do clip Mc Pedrinho e Melody  ( Deixa rolar ),Instagram @melodyoficial3,10,2019-07-25T00:04:27Z,PT3M30S,2d,hd,239762,12801,464,0,604,UCEAyAWDPVDQoi6gAz7a1NHg
72,c8bBfudqx5A,Música com os irmãos Berti,Instagram @melodyoficial3 @bellaamhelofocial,10,2019-07-01T15:07:39Z,PT5M8S,2d,hd,517276,44684,1402,0,1735,UCEAyAWDPVDQoi6gAz7a1NHg
73,W5QR7gFlYzk,Luísa sonza Melody e Bella angel,Instagram @melodyoficial3 @bellaangeloficial,10,2019-06-23T22:41:54Z,PT57S,2d,hd,234052,11561,456,0,431,UCEAyAWDPVDQoi6gAz7a1NHg
74,dO4GS4h00y0,"Quem perder, paga mico - Com Irmãos Alaric","Quem perder paga mico com Gêmeos Alaric

Videoclipe Vingança: 
https://www.youtube.com/watch?v=voMjZ_lN8oc

Redes Sociais: 
Melody
 http://instagram.com/melodyoficial3
Bella Angel: 
 http://instagram.com/bellaangeloficial 

Gêmeos Alaric: 
Gêmeos Alaric: http://instagram.com/gemeosalaric
Matheus: https://www.instagram.com/matheus_alaric
Lucas: https://www.instagram.com/lucas_alariic

Canal Irmãos Alaric: https://www.youtube.com/channel/UCnjORWrvDw6c5vvAumMyvUQ

Melody e Bella estão usando:
Bos Clothing: https://www.instagram.com/clothing.bos/",22,2019-06-21T14:53:37Z,PT8M15S,2d,hd,189950,19615,544,0,663,UCEAyAWDPVDQoi6gAz7a1NHg
75,dbSl77F-4LU,Qual dos 2 ?,"Jogo de perguntas e respostas com Gêmeos Alaric respondendo as curiosidades dos fãs

Videoclipe Vingança: 
https://www.youtube.com/watch?v=voMjZ_lN8oc

Redes Sociais: 
Melody
 http://instagram.com/melodyoficial3
Bella Angel: 
 http://instagram.com/bellaangeloficial 

Gêmeos Alaric: 
Gêmeos Alaric: http://instagram.com/gemeosalaric
Matheus: https://www.instagram.com/matheus_alaric
Lucas: https://www.instagram.com/lucas_alariic

Canal Irmãos Alaric: https://www.youtube.com/channel/UCnjORWrvDw6c5vvAumMyvUQ

Camisetas:
MB Hits: http://instagram.com/mbhitsoficial",10,2019-06-18T18:40:38Z,PT11M28S,2d,hd,1287475,120912,6052,0,0,UCEAyAWDPVDQoi6gAz7a1NHg
76,voMjZ_lN8oc,Melody feat Bella Angel  - Vingança (Videoclipe Oficial),"Ouça Agora: https://ONErpm.lnk.to/Vinganca
SHOWS:
(11) 94204-9429

PRODUÇÃO MUSICAL:
DJ Malharo

VINGANÇA 
Composição: Bella Angel | Mc Belinho

TÁ DE PAPINHO COM ELA, 
MAS TA LIGANDO PRA MIM 
DIZ QUE SE AMARRA NA DELA, 
FALA QUE GOSTA DE MIM

DEIXA ELE PENSANDO 
QUE IA CONSEGUIR
ACHANDO QUE TÁ ENGANANDO NÓS
MA SÉ TÃO 'BOBIM'

AMIGA BOLEI UM PLANO
NÓS VAMOS LIGAR PRA ELE,
MARCAR UM ENCONTRO 

4 HORAS NA MINHA CASA
7 HORAS LÁ NA MINHA 
E SE ELE FOR NAS DUAS
ANOTA QUE É GALINHA 

MARCAMOS OUTRO ENCONTRO PRA DESMASCARAR
VAMOS CHEGAR NÓS DUAS PARA NOS VINGAR 
E QUANDO EU CHEGAR,EU VOU ME APROXIMAR 
E QUANDO ELE NOTAR NÃO VAI ACREDITAR 

QUIS FICAR COM AS DUAS, 
ACHOU QUE IA SE DAR BEM
COMO DIZ: QUEM MUITO QUER, ACABA SEM NINGUÉM 

AGORA SAI DO MEU PÉ MANÉ
AGORA SAI DO MEU PÉ 
AGORA SAI DO MEU PÉ MANÉ
AGORA SAI DO MEU PÉ

FICHA TÉCNICA

Diretor de Produção: Matheus Milet | Juninho SL 
Edição e Finalização: Matheus Milet
1º Assistente de Direção: Juninho SL | Mc Belinho
2º Assistente de Direção: Ticy Vianna  @MagicAssessoria
Roteiro: Mc Belinho 

Atores-Gêmeos Alaric: 
Matheus Alaric 
Lucas Alaric

Make up | Melody  e Bella Angel: 
Fernanda Capela - (@FeCapelaMakeup)
Victor Duarte - (@VictorDuarteMakeup)

Hair Melody e Bella Angel:
Pâmela Tayrine - (@ptayrinehairmakeup)
Fotos:
Rejane Ramos - (@rejy_photography)

Camarim da Beleza:
Malina Beauty - A chapinha que não sai com água
https://www.instagram.com/malinabeautyhair/
Rings -  Zerbinatti Decor
https://www.instagram.com/zerbinattidecor/

Parcerias | Apoio

Figurinos Melody e Bella: 
- Lollitas Boutique https://www.instagram.com/lollitasboutique/
- As Novinhas http://instagram.com/asnovinhasoficial

Figurinos Gêmeos Alaric:
Rat Boy - http:/instagram.com/ratboyoficial

-Bolo do Negão: https://www.instagram.com/bolodonegao/ 
-Frutap: https://www.instagram.com/frutap/
-Carol Coxinhas: http://instagram.com/carolcoxinhas

Locação: 
Boliche Villa Bowling - Shopping West Plaza:
https://www.instagram.com/villabowling/


REDES SOCIAIS MELODY:
Instagram: http://instagram.com/melodyoficial3
Facebook: http://facebook.com/melodyoficial

REDES SOCIAIS BELLA ANGEL:
Instagram: http://instagram.com/bellaangeloficial
Facebook: http://facebook.com/eubellaangel",10,2019-06-10T20:56:55Z,PT2M56S,2d,hd,13103674,364230,19399,0,14836,UCEAyAWDPVDQoi6gAz7a1NHg
77,WFpo6UwXmkY,Música nova 💖 ( previa ),Instagram @melodyoficial3,10,2019-06-07T23:53:36Z,PT1M37S,2d,hd,324326,25892,1143,0,1463,UCEAyAWDPVDQoi6gAz7a1NHg
78,tyfGU5eNdUA,Homenagem ao Gabriel Diniz - hoje tem festa no céu,Instagram @melodyoficial3 @bellaangeloficial,10,2019-05-28T18:45:22Z,PT55S,2d,hd,1900596,145850,2849,0,7499,UCEAyAWDPVDQoi6gAz7a1NHg
79,1YDFa9VKeDw,Melody feat Bella Angel - Vingança - Áudio Oficial,"Ouça Agora: https://sl.onerpm.com/2942211852

SHOWS:
(11) 94204-9429

PRODUÇÃO MUSICAL:
DJ Malharo

VINGANÇA 
Composição: Bella Angel | Mc Belinho

TÁ DE PAPINHO COM ELA, 
MAS TA LIGANDO PRA MIM 
DIZ QUE SE AMARRA NA DELA, 
FALA QUE GOSTA DE MIM

DEIXA ELE PENSANDO 
QUE IA CONSEGUIR
ACHANDO QUE TÁ ENGANANDO NÓS
MA SÉ TÃO 'BOBIM'

AMIGA BOLEI UM PLANO
NÓS VAMOS LIGAR PRA ELE,
MARCAR UM ENCONTRO 

4 HORAS NA MINHA CASA
7 HORAS LÁ NA MINHA 
E SE ELE FOR NAS DUAS
ANOTA QUE É GALINHA 

MARCAMOS OUTRO ENCONTRO PRA DESMASCARAR
VAMOS CHEGAR NÓS DUAS PARA NOS VINGAR 
E QUANDO EU CHEGAR,EU VOU ME APROXIMAR 
E QUANDO ELE NOTAR NÃO VAI ACREDITAR 

QUIS FICAR COM AS DUAS, 
ACHOU QUE IA SE DAR BEM
COMO DIZ: QUEM MUITO QUER, ACABA SEM NINGUÉM 

AGORA SAI DO MEU PÉ MANÉ
AGORA SAI DO MEU PÉ 
AGORA SAI DO MEU PÉ MANÉ
AGORA SAI DO MEU PÉ

Publicidade:
Ticy Vianna - @magicassessoria: http://instagram.com/magicassessoria",10,2019-05-21T21:38:58Z,PT2M55S,2d,hd,222180,14218,324,0,1010,UCEAyAWDPVDQoi6gAz7a1NHg
80,f3UbO4JZ9L0,Meu lanche escolar,Instagram @melodyoficial3,10,2019-05-15T18:55:17Z,PT13M54S,2d,hd,664128,52643,2680,0,3839,UCEAyAWDPVDQoi6gAz7a1NHg
81,0gDiM8yXFWM,Mc Kekel e Luan Santana / vinganca - Cover Melody e Bella Angel,Instagram @melodyoficial3 @bellaangeloficial,10,2019-05-10T23:01:34Z,PT2M53S,2d,hd,313636,20180,831,0,1593,UCEAyAWDPVDQoi6gAz7a1NHg
82,z3dbhkKB2Lk,Gravando meu novo vídeo clip na Kondzilla,Instagram @melodyoficial3,10,2019-05-07T21:34:31Z,PT5M21S,2d,hd,90284,5851,203,0,302,UCEAyAWDPVDQoi6gAz7a1NHg
83,6a3fW8gSlyc,Making off do clip da Bella Angel - Destino,Instagram @bellaangeloficial,10,2019-04-23T23:09:37Z,PT13M3S,2d,hd,132136,6591,184,0,364,UCEAyAWDPVDQoi6gAz7a1NHg
84,lAy0gkblRlE,"Bilhete, Hashid e Lucas Carlos - cover Melody , Bella Angel e belinho","Cantando a música ""Bilhete"" com meu pai e minha irmã 

Instagram:
@melodyoficial3
@bellaangeloficial
@belinhooficial",10,2019-04-14T18:18:02Z,PT3M40S,2d,hd,190394,12564,414,0,0,UCEAyAWDPVDQoi6gAz7a1NHg
85,CQ2Q0MvOSck,"Por que eu te amei - Tom carfi , Cover Melody e Belinho","Cantando com o meu pai a música ""Por que eu te amei""

Instagram: 
@melodyoficial3
@belinhooficial",10,2019-04-13T19:34:32Z,PT2M16S,2d,hd,293079,20679,1284,0,1386,UCEAyAWDPVDQoi6gAz7a1NHg
86,EyVbJPOpErk,Gravando com os irmãos Berti e Bella Angel,Instagram @melodyoficial3 @bellaangeloficial,10,2019-03-29T15:51:59Z,PT7M17S,2d,hd,235594,14190,396,0,583,UCEAyAWDPVDQoi6gAz7a1NHg
87,UQ5VzWQw25Q,Meus presentes de Aniver parte 1,Instagram @melodyoficial3,10,2019-03-21T22:50:00Z,PT20M10S,2d,hd,420125,46389,1567,0,0,UCEAyAWDPVDQoi6gAz7a1NHg
88,g0bhrPyoOUw,#12damelody,Instagram @melodyoficial3,10,2019-03-21T20:30:02Z,PT52S,2d,sd,174953,14533,408,0,918,UCEAyAWDPVDQoi6gAz7a1NHg
89,C2f7zVraiJs,Melody e Bella Angel- Fazendo Slime,"Melody e Bella Angel  fazendo slime! 
 
Acompanhe nas Redes sociais: 

MELODY
INSTAGRAM
http://instagram.com/MelodyOficial3
FACEBOOK
http://facebook.com/melodyoficial

BELLA ANGEL
INSTAGRAM:
http://instagram.com/BellaAngelOficial
FACEBOOK:
http://facebook.com/EuBellaAngel

DAIANE (MÃE)
INSTAGRAM:
https://www.instagram.com/daianeseveroficial/

Compre seu slime na Slime Store Brasil: 
Instagram:
https://www.instagram.com/slimestorebrasil
Site
http://slimestorebrasil2.com.br",10,2019-03-12T22:10:20Z,PT22M35S,2d,hd,559878,52450,1729,0,3878,UCEAyAWDPVDQoi6gAz7a1NHg
90,FYvApF2Q_uM,"Rola um love , Dilsinho e Mc Kevinho Cover Melody e Bella Angel","Eu e minha irmã Bella cantando uma música pra vocês 

Instagram @melodyoficial3 @bellaangeloficial

Letra:
Essa mina tá querendo
Se envolver, ficou muito tempo solteira
Só na pista e eu saindo também
Mas o problema é que eu não sei amar ninguém
Eu tô te querendo (tô te querendo)
Mas o problema é que eu não sei amar ninguém
Eu tô te querendo (tô te querendo)
Mas o problema é que eu não sei amar ninguém
Rola um love, rola um love
Rola um love, rola um love entre nós dois
Rola um love, rola um love
Rola um love, rola um love entre nós dois
Essa mina tá querendo
Se envolver, ficou muito tempo solteira
Só na pista e eu saindo também
Mas o problema é que eu não sei amar ninguém
Eu tô te querendo (tô te querendo)
Mas o problema é que eu não sei amar ninguém
Eu tô te querendo (tô te querendo)
Mas o problema é que eu não sei amar ninguém
Rola um love, rola um love
Rola um love, rola um love entre nós dois
Rola um love, rola um love
Rola um love, rola um love entre nós dois",10,2019-03-08T23:18:40Z,PT1M45S,2d,hd,177334,12834,362,0,0,UCEAyAWDPVDQoi6gAz7a1NHg
91,C20LDWUUu5s,Clichê Ludmilla e Felipe Araújo | (Cover) Melody e Bella Angel,"Redes Sociais:

Instagram Melody: 
http://instagram.com/melodyoficial3

Instagram Bella:
http://instagram.com/bellaangeloficial

Twitter Melody: 
https://twitter.com/McMeIody

Twitter Bella:
https://twitter.com/EuBellaAngel

Spotify Melody: https://open.spotify.com/artist/7ySZCEP4HFGckYYPK5rqFI?si=qTUtqw3-QyyFQl-JmcHgpQ

Spotify Bella Angel: https://open.spotify.com/artist/6IQbsU2AicesqSRBuqKJFk?si=Sz6ZM5AXRuyy7KrQXIdHcw",10,2019-03-06T17:30:25Z,PT3M20S,2d,hd,302331,23459,707,0,1988,UCEAyAWDPVDQoi6gAz7a1NHg
92,ZiROUkn82V4,Melody - Coração de Gelo - Áudio Oficial,"SHOWS:
(11) 94204-9429

PRODUÇÃO MUSICAL:
DJ Malharo

CORAÇÃO DE GELO 
Composição: Bella Angel 

Desde a primeira vez que eu te vi
Desencadeou o amor sobre mim 
É, tão de repente assim 
Eu virei um desenho de colorir

Que você mesmo pintou 
De vermelho o coração
Meu mundo ficou com cor
Escrito com minha mão 

Meu coração de gelo 
Você descongelou 
Então não perde tempo 
Vem pra cá meu amor

Pra minha vida correndo,
Sem olhar pra trás
De saudades to morrendo 
Você é demais
Então vê se não perde tempo 
Não aguento mais 
Ficar sem esse seu jeito


Pra minha vida correndo,
Sem olhar pra trás
De saudades to morrendo 
Você é demais
Então vê se não perde tempo 
Não aguento mais 
Ficar sem esse seu jeito

Saudade me traz 
Saudade me traz 

Então diga eu te amo
Que eu quero ouvir
Sabe que comigo cê vai ser feliz 
E ficar do meu lado é o que sempre quis

Então prova que isso tudo não é ilusão
Que essa decisão veio do coração
Que namorar comigo é a melhor opção 

Desde a primeira vez que eu te vi
Desencadeou o amor sobre mim 
É tão de repente assim 
Eu virei um desenho de colorir

Que você mesmo pintou 
De vermelho o coração
Meu mundo ficou com cor
Escrito com minha mão 

Meu coração de gelo 
Você descongelou 
Então não perde tempo 
Vem pra cá meu amor

Pra minha vida correndo,
Sem olhar pra trás
De saudades to morrendo 
Você é demais
Então vê se não perde tempo 
Não aguento mais 
Ficar sem esse seu jeito

Pra minha vida correndo,
Sem olhar pra trás
De saudades to morrendo 
Você é demais
Então vê se não perde tempo 
Não aguento mais 
Ficar sem esse seu jeito

Saudade me traz 
Saudade me traz


REDES SOCIAIS MELODY:

Instagram: http://instagram.com/melodyoficial3
Facebook: http://facebook.com/melodyoficial
Spotify: https://open.spotify.com/artist/7ySZCEP4HFGckYYPK5rqFI?si=8JT-KpFqTBaTOY-RctHxzw

Download:
Palcomp3: http://palcomp3.com/melodyoficial
SuaMusica: http://suamusica.com.br/melodyoficial


Projeto Visual: http://instagram.com/magicassessoria",10,2019-02-22T14:32:16Z,PT3M16S,2d,hd,1221809,72679,2254,0,6606,UCEAyAWDPVDQoi6gAz7a1NHg
93,ax3InO4rLes,100 milhões no clip ( to bem to zen ),Instagram @melodyoficial3 @bellaangeloficial,10,2019-01-02T22:19:24Z,PT5M35S,2d,hd,126012,12735,722,0,0,UCEAyAWDPVDQoi6gAz7a1NHg
94,oTFXA70Mxf8,BEIJA CASA OU MATA com Luiz Mariz,"Se você gostou do vídeo, deixa seu like!!!!

Segue a gente nas redes sociais:

Luis Mariz: https://www.instagram.com/luismariz/
Melody: http://instagram.com/melodyoficial3
Bella Angel: http://instagram.com/bellaangeloficial",10,2018-12-20T13:08:28Z,PT8M1S,2d,hd,363127,31465,2287,0,2177,UCEAyAWDPVDQoi6gAz7a1NHg
95,xFb1sznFtcA,Melody - Para com Isso (Videoclipe Oficial),"SHOWS:
(11) 94204-9429

PRODUÇÃO MUSICAL:
DJ Malharo

Para com Isso | Melody 

Letra: 
Então para com isso 
Me magoou, me maltratou 
E agora quer voltar, para com isso 
Você não vai mudar, para com isso 
Esse papo não vai rolar 
Esquece tudo porque eu não vou voltar 
Esquece tudo porque eu não vou voltar 
Esquece tudo, já tem outro no seu lugar 
Tô cansada de tantas mancadas que cê dá 
Depois feito um cachorro arrependido vem se desculpar 
Cheio de presentes achando que pode me comprar 
Mas eu vou te falar 
Eu quero muito mais
 Mereço muito mais 
Nesse seu papo de amor barato 
Eu não caio mais 

FICHA TÉCNICA PARA COM ISSO:

Diretor de Fotografia: Alex Yamane/ Kleber Galvão
Diretor de Produção: Diego Washington 
Edição e Finalização: Alex Yamane/ Diego Washington
1º Assistente de Direção: Matheus Barbaro 
2º Assistente de Direção: Diogo Wesley 
Diretora de Casting: Michelly Maximo 
Composição: Melody | Bella Angel | Baby Conforto
Roteiro: Alex Yamane | Diego Washington 
Produção de Arte: Juliana Martins | Luciane Cruz | Loly Ferreira 
Figurinista Melody: Michelly Maximo 
Make up Melody: Fernanda Capela 
Make up Thaynara Rodrigues: Michelly Maximo | Fernanda Capela 
Figurinista Casting: Michelly Maximo | Juliany 
Participações Especiais: Bella Angel | Thaynara Rodrigues | Wesley e Diego | Baby | Narguilé Rosa | Mc Louis | Mc Ezek 
Casting: go_alef | alexandre_alima | bealaureano | bruna.caroline.96 | brunnoserafim | caa_adriano | diegodigorry | franklincoficial | eugiserigatti | gisely.andrade | izabelladafferner | viotti94 | euleandra | loualmeida | mayffarias | mayhernandezz | mii.map | peduran | raquel_azevedo | sarahs.ferrari | sacouttinho | vincentbrown | wesleyalmeidaoficial 

Protagonista: Thaynara Rodrigues - https://www.youtube.com/channel/UCUIY2A2c327gX7zZJeMJ5Kg

Parcerias: 
Planet Girls For you: https://www.instagram.com/planetgirlsforyou/?hl=pt-br 
Carmel: https://www.instagram.com/carmeloficial1/?hl=pt-br 
Pizzaria Pede Bis: https://www.instagram.com/pedebis.delivery/?hl=pt-br 

REDES SOCIAIS MELODY:

Instagram: http://instagram.com/melodyoficial3
Facebook: http://facebook.com/melodyoficial
Spotify: https://open.spotify.com/artist/7ySZCEP4HFGckYYPK5rqFI?si=8JT-KpFqTBaTOY-RctHxzw
Like app: https://like.video/live/share/profile?c=cp&b=140092793&l=pt&t=1

Download:
Palcomp3: http://palcomp3.com/melodyoficial
SuaMusica: http://suamusica.com.br/melodyoficial

Projeto Visual: http://instagram.com/magicassessoria",10,2018-12-03T20:00:56Z,PT3M6S,2d,hd,7223302,272588,40075,0,0,UCEAyAWDPVDQoi6gAz7a1NHg
96,rMMbuNHorPk,80 milhões no clip ( To bem to zen ),Instagram @bellaangeloficial @bellaangeloficial,10,2018-10-31T20:52:58Z,PT5M3S,2d,hd,275738,24499,2037,0,0,UCEAyAWDPVDQoi6gAz7a1NHg
97,eoaEQ-N5_pY,Melody Feat. Vinny Moraes - Deixa Rolar (Web Clipe),"FICHA TÉCNICA DO CLIPE:

Composição: Mc Belinho
Direção: Eder Triton
Direção de Fotografia: Diego Washington
Assistência de Câmera - Diogo Wesley
Direção de Produção: Matheus Barbaro
Edição: @Alexyhamane
Produção musical: Diego Washington  
 

Acompanhe nas redes sociais: 
Instagram: @melodyoficial3 
Facebook: http://facebook.com/melodyoficial

Contatos para shows, eventos e parcerias:
11 942049429 
Email: melodyoficial3@gmail.com",10,2018-10-30T22:41:13Z,PT3M11S,2d,hd,331450,18699,3087,0,1977,UCEAyAWDPVDQoi6gAz7a1NHg
98,PFHZIvpPzLk,Hoje eu tô um Nojo - Melody (Videoclipe Oficial),"SHOWS MELODY: E-mail - melodyoficial3@gmail.com
(11) 94204-9429


Ficha Técnica - Videoclipe 

Diretor: Rael Küster
Fotografia: João Victor
Produção Executiva: Pertrelly Produções 
Diretor Criativo: Izaias Pertrelly
Edição e  Tratamento De Imagem:  Rael Küster
Assistente De Produção : Filemom Santos , Glauber Barbosa , Antônio Carlos 
Casting: Lorena Siqueira 
Make Up: Eliene Dultra
Ballet : Daniel Mollinari / Junior Soriano
Malvado / Reinanda Reinando /Tinho/ Tâmara Thaynne
Produção Musical : Malharo 
Composição : Carlos / Christian / Tom Santos / Pertrelly 
Produtor Fonográfico : Lourival Araujo 


REDES SOCIAIS: 

Instagram: http://instagram.com/melodyoficial3
Facebook: http://facebook.com/melodyoficial
Spotify: https://open.spotify.com/artist/7ySZCEP4HFGckYYPK5rqFI?si=jsaBXVvJSr-H3ciRWkmHDg

Download:
Palcomp3: http://palcomp3.com/melodyoficial
SuaMusica: http://suamusica.com.br/melodyoficial",10,2018-10-16T21:33:31Z,PT3M14S,2d,hd,12269834,332150,65864,0,0,UCEAyAWDPVDQoi6gAz7a1NHg
99,EBzFpSUB5h4,Melody - Para com isso - Lançamento,"SHOWS:
(11) 94204-9429

PRODUÇÃO MUSICAL:
DJ Malharo

REDES SOCIAIS:

Instagram: http://instagram.com/melodyoficial3
Facebook: http://facebook.com/melodyoficial
Spotify: https://open.spotify.com/artist/7ySZC...

Download:
Palcomp3: http://palcomp3.com/melodyoficial
SuaMusica: http://suamusica.com.br/melodyoficial

Projeto Visual: http://instagram.com/magiccreativepv",10,2018-09-26T13:54:32Z,PT3M5S,2d,hd,1342967,59992,2908,0,0,UCEAyAWDPVDQoi6gAz7a1NHg
100,0ZlCWusUU4w,Melody - Vai Se Arrepender  - Single (Audio Oficial),"SHOWS:
(11) 94204-9429

PRODUÇÃO MUSICAL:
DJ Malharo

Vai Se Arrepender 
Composição: Mc Belinho

Você ligou, 
E disse que quer terminar
Que Acabou, 
Que comigo não quer mais ficar
O nosso amor,
Não dá mais pra continuar

Imagina como eu vou ficar... ahhh

Eu vou ficar bem longe de você
Eu vou curtir a vida pra valer
Eu vou passar com outro ""cê"" vai ver
Você  vai ver, vai se arrepender


Eu vou ficar bem longe de você
Eu vou curtir a vida pra valer
Eu vou passar com outro ""cê"" vai ver
Você  vai ver, vai se arrepender


Pode ver que agora eu to de boa 
Eu to livre leve e solta,
Preparada pra arrasar


Vai pensando que eu to sofrendo
Enquanto eu curto o momento
De solteira com as amigas

Você ligou, 
E disse que quer terminar
Que Acabou, 
Que comigo não quer mais ficar
O nosso amor,
Não dá mais pra continuar

Imagina como eu vou ficar... ahhh

Eu vou ficar bem longe de você
Eu vou curtir a vida pra valer
Eu vou passar com outro ""cê"" vai ver
Você  vai ver, vai se arrepender

REDES SOCIAIS:

Instagram: http://instagram.com/melodyoficial3
Facebook: http://facebook.com/melodyoficial
Spotify: https://open.spotify.com/artist/7ySZCEP4HFGckYYPK5rqFI?si=03USoXuJQA6Br7ORTv1pqA

Download: http://palcomp3.com/melodyoficial
Projeto Visual: http://instagram.com/magicassessoria",10,2018-08-23T20:59:17Z,PT2M24S,2d,hd,2388851,99913,3650,0,7140,UCEAyAWDPVDQoi6gAz7a1NHg
101,a13UFKulxqs,Placa de um milhão de inscritos,@melodyoficial3,23,2018-08-20T17:33:23Z,PT3M42S,2d,hd,227959,19176,1162,0,1974,UCEAyAWDPVDQoi6gAz7a1NHg
102,rm-CQk_oqiY,"Meu abrigo , Melim - Cover Melody e Bella Angel",Instagram @melodyoficial3 @bellaangeloficial,23,2018-07-22T21:38:15Z,PT2M49S,2d,hd,1065616,58703,6393,0,9589,UCEAyAWDPVDQoi6gAz7a1NHg
103,qUT1P-Bngwc,To bem to zem / Carol e Vitoria - Cover Melody e Bella angel,"Instagram  @melodyoficial3 @bellaangeloficial
Email - melodyoficial3@gmail.com",23,2018-07-16T22:19:43Z,PT7M5S,2d,hd,937006,81217,1528,0,3327,UCEAyAWDPVDQoi6gAz7a1NHg
104,u8tvw2UVXKo,Melody feat Vakeira funk - Som  da copa ( aguarde vídeo Clip ),Instagram @melodyoficial3,23,2018-06-17T15:05:46Z,PT56S,2d,sd,1391654,46309,5729,0,3311,UCEAyAWDPVDQoi6gAz7a1NHg
105,zAreMuSxTAE,Melody - Vai rebola | VIDEOCLIPE OFICIAL ( Dj Malharo ) @fitdance,"FICHA TÉCNICA DO CLIPE:

Direção: André Loureiro
Direção de Fotografia: André Loureiro
Assistência de Câmera (1º) - Andre Tachiro
Direção de Produção: Thatiane Almeida
Roteiro: Annik, André Loureio e Thiago Abreu
Produção musical @Malharooficial  
Coreografia @lukashenrioficial @fitdance 
Dançarinos @Diibrow @bellaangeloficial 

Acompanhe nas redes sociais: 
Instagram: @melodyoficial3 
Facebook: http://facebook.com/melodyoficial

Contatos para shows, eventos e parcerias:
11 942049429 
Email: melodyoficial3@gmail.com",10,2018-06-05T23:57:55Z,PT2M32S,2d,hd,26446827,653352,58868,0,0,UCEAyAWDPVDQoi6gAz7a1NHg
106,qc2aEVkg_S0,Mc Bruninho - Jogo do amor ( Cover Melody e Bella angel ),Instagram @melodyoficial3 @bellaangeloficial,10,2018-06-02T02:05:20Z,PT59S,2d,sd,727213,31101,2517,0,2899,UCEAyAWDPVDQoi6gAz7a1NHg
107,OzW9H77Hrjg,Ao vivo e a cores - Matheus e Kauan feat Anitta Cover / Melody e Bella angel ),Instagram @melodyoficial3 @bellaangeloficial,10,2018-05-31T17:00:35Z,PT1M39S,2d,hd,870947,38573,2557,0,2869,UCEAyAWDPVDQoi6gAz7a1NHg
108,s2aKS643kSE,"Gravando Cover ( falso amor , Aldair playboy )",Instagram @melodyoficial3 @bellaangeloficial,10,2018-05-30T01:08:00Z,PT1H32M28S,2d,hd,581719,23611,1680,0,0,UCEAyAWDPVDQoi6gAz7a1NHg
109,aGtiQjMOcMQ,I loveando tu - Lucas lucco e Mc Kekel ( Cover Melody e Bella angel ),Instagram @melodyoficial3 @bellaangeloficial,10,2018-05-27T16:49:56Z,PT1M4S,2d,hd,160880,7826,650,0,721,UCEAyAWDPVDQoi6gAz7a1NHg
110,D50bXSKRoVc,O sol - Vítor Kley ( cover Melody ),Instagram @melodyoficial3,10,2018-05-20T17:51:16Z,PT1M52S,2d,hd,466324,24604,3145,0,2933,UCEAyAWDPVDQoi6gAz7a1NHg
111,feyZ3wnVJss,Nossa música - um44 k ( Cover Melody e Bella angel ),Instagram @melodyoficial3 @bellaangeloficial,10,2018-05-12T01:18:43Z,PT1M43S,2d,hd,158827,8718,700,0,762,UCEAyAWDPVDQoi6gAz7a1NHg
112,uwBoxDN8nJg,"Mc Kekel e Rita , amor de verdade / Cover Melody e Bella angel",Instagram @melodyoficial3 @bellaangeloficial,10,2018-04-01T18:23:27Z,PT1M55S,2d,hd,1574752,72067,8114,0,6536,UCEAyAWDPVDQoi6gAz7a1NHg
113,eUX6fadn-ow,"Dilsinho, refem / Cover Melody",Instagram @melodyoficial3,10,2018-03-27T16:49:49Z,PT1M35S,2d,hd,194532,10695,763,0,919,UCEAyAWDPVDQoi6gAz7a1NHg
114,Fum7Wb1qtck,"Oi, Leo Magalhães/  cover Melody e Bella angel",Instagram @melodyoficial3 @bellaangeloficial,10,2018-03-17T16:47:53Z,PT1M25S,2d,hd,331009,15871,1597,0,1893,UCEAyAWDPVDQoi6gAz7a1NHg
115,fHR-kof-DWs,"Gaab , cuidado / Cover melody",Instagram @melodyoficial3,10,2018-03-02T00:11:20Z,PT1M11S,2d,hd,1088337,65337,3872,0,5050,UCEAyAWDPVDQoi6gAz7a1NHg
116,185JvgTMkVM,"Melody e Bella angel, pequenas ( 8 anos atra  )","Instagram @meloddyoficial3 @bellaangeloficial 
contato para sows e eventos - melodyoficial3@gmail.com",10,2018-02-07T12:47:16Z,PT3M47S,2d,hd,1576544,70396,6516,0,11013,UCEAyAWDPVDQoi6gAz7a1NHg
117,WkSCRpKEE4Y,Bella Angel  - Bye Bye  ( video clip oficial  ),"Instagram @bellaangeloficial   @melodyoficial3
Email para shows e eventos  - melodyoficial3@gmail.com 
Bm produtora - 11 942049429",10,2018-02-05T13:00:20Z,PT3M22S,2d,hd,1678930,63171,5162,0,0,UCEAyAWDPVDQoi6gAz7a1NHg
118,w3loeCaYKJ4,material escolar 2018 ( Melody ),"Instagram @melodyoficial3
Email para contato - melodyoficial3@gmail.com",10,2018-01-30T13:20:23Z,PT10M,2d,hd,844417,62204,8961,0,0,UCEAyAWDPVDQoi6gAz7a1NHg
119,51Rclu7Pg0M,Melody - Pop Star    ( video clip oficial ),"Instagram @melodyoficial3 
Assessoria - 011 942049429 falar com Tiago 
Email para shows e eventos  - melodyoficial3@gmail.com",10,2018-01-02T13:39:31Z,PT3M21S,2d,hd,837896,27395,12161,0,0,UCEAyAWDPVDQoi6gAz7a1NHg
120,Zrzs3dPJRSc,Thiago Brava Ft. Jorge - Dona Maria ( Cover Melody e Bella angel e Belinho  ),"Instagram @melodyoficial3 @bellaangeloficial  @belinhooficial
Contato para shows e eventos - 011 942049429 falar com Thiago 
Email -  melodyoficial3@gmail.com",10,2017-12-05T12:41:39Z,PT2M38S,2d,hd,454828,22524,3086,0,2865,UCEAyAWDPVDQoi6gAz7a1NHg
121,QwANZIFOCU0,"Eu já eu nunca ( MELODY,  MC HENNY E E BELLA ANGEL )","INSTAGRAM @melodyoficial3 @mchennyoficial @bellaangeloficial
Contato para shows e eventos - 011 942049429 falar com Thiago 
Email - melodyoficial3@gmail.com",10,2017-12-01T21:07:48Z,PT8M10S,2d,hd,976576,44128,3695,0,0,UCEAyAWDPVDQoi6gAz7a1NHg
122,9d7vZZxj0d4,Barbie™ A Princesa e a Pop Star / Cover Melody e Bella angel,"Instagram @melodyoficial3 @bellaangeloficial
Contato para shows e eventos - 011 942049429 Thiago 
Email - melodyoficial3@gmail.com",10,2017-11-29T23:01:42Z,PT2M39S,2d,hd,234085,12680,1276,0,1706,UCEAyAWDPVDQoi6gAz7a1NHg
123,XF04fpzsWEc,Melody e Bella angel - curti curti curti,"Inatagram @melodyoficial3 @bellanageloficial 
Conatato para shows e eventos - 011 942049429 falar com Thiago",10,2017-11-29T16:04:19Z,PT28S,2d,sd,459543,24359,2481,0,0,UCEAyAWDPVDQoi6gAz7a1NHg
124,jzkqVunmvhw,"Uma palavra, uma musica:| MC Henny,  Melody e Bella Angel","Instagram  @melodyoficial3 @mchenny @bellanageloficial 
Contato para shows e eventos - 011 942049429",10,2017-11-27T17:12:56Z,PT13M35S,2d,hd,4304148,95738,12766,0,0,UCEAyAWDPVDQoi6gAz7a1NHg
125,gPPo-TnVNs4,"Casa, beija ou mata ( Melody e Bella angel )",instagram @melodyoficial3 @bellaangeloficial,10,2017-11-25T22:32:19Z,PT7M24S,2d,hd,512616,25481,3161,0,2250,UCEAyAWDPVDQoi6gAz7a1NHg
126,tvqUG6P5u6A,Matheus e Kauan e MC Kevinho - Deixa Ela Beijar ( Cover Melody e Bella angel ),"Instagram @melodyoficial3 @bellaangel 
Contato çara shows e evmentos -  011 942049429 
Email - melodyoficial3@gmail.com",10,2017-11-25T00:54:54Z,PT1M24S,2d,hd,404215,17041,2760,0,2094,UCEAyAWDPVDQoi6gAz7a1NHg
127,EwPi93tYk8M,Joga o Bumbum - Bella angel  Feat  Melody ( Video clipe Oficial ),"JOGA O BUMBUM - Melody Feat Bella Angel 

Produção: TC BRILHANTE- Projetos Visuais (SP)
Ficha Técnica: 
Ticy Vianna
Thiago Belinho
Winicius Brilhante 
Henrique Assunção

BALLET:
Gleicy Silva / Bruno Vidal / Marquinhos Santos / Aylla Daiane

COREOGRAFIA: Marquinhos Santos / Gleicy Silva

PAREDÕES:
Rodrigo Moral de Heliópolis 
Equipe Pegue o Pombo
Bixinho Som
Paredão Bk

SET/ LOCAÇÕES:  América Eventos

Agradecimentos: 
João Paulo Produções
Ana Paula - Rap. de Luxo
Kings (Figurino Melody e Bella Angel)
DJ Fabinho

Edição e Direção Geral:
Winícius Brilhante

TC BRILHANTE | PROJETOS VISUAIS: (11) 9 4466-0250 | 11 9 4237-9156 | 11 4067-7226",10,2017-10-24T21:54:46Z,PT2M58S,2d,hd,698051,35987,7945,0,0,UCEAyAWDPVDQoi6gAz7a1NHg
128,Yl-FBX8v9nY,Espirito santo / Priscila alcantara - Cover Meloy e Bella angel,"Instagram @melodyoficial3 @bellaangeloficial
Contato para sows e eventos - 11 942049429 falar com Thiago
Email - melodyoficial3@gmail.com",10,2017-09-07T17:42:21Z,PT3M17S,2d,hd,423399,22044,2900,0,4227,UCEAyAWDPVDQoi6gAz7a1NHg
129,OL4AtRj82OQ,Era Uma Vez - Kell Smith ( cover Melody e Bella angel  ),Instagram @meloyoficial3 @bellaangeloficial,10,2017-08-17T00:09:34Z,PT3M9S,2d,hd,1099863,36686,15833,0,0,UCEAyAWDPVDQoi6gAz7a1NHg
130,afpfEJYld5U,indestrutivel Pabllo vittar ( Cover Melody e bella angel ),"Instagram @melodyoficial3 @bellaangeloficial
Contato para shows e eventos - 011 942049429 falar com thiago",10,2017-07-31T23:48:44Z,PT2M30S,2d,hd,597502,22821,5755,0,0,UCEAyAWDPVDQoi6gAz7a1NHg
131,-xLDXETY0Gs,Eu era / marcos e Belutte  / Cover Melody e Bella angel,"Instagram @meloyoficial3     @bellaangeloficial
Contato para shows e eventos - 011 942049429 falar com thiago",10,2017-07-18T20:52:42Z,PT2M32S,2d,hd,549602,20588,3552,0,3807,UCEAyAWDPVDQoi6gAz7a1NHg
132,kQjSW0u81zA,To apaixonado nessa mina -  Mc kevinho Cover Melody e bella angel,"INSCREVAM-SE NO CANAL
Instagram @Melodyoficial3 @bellaangeloficial
contato para sows e eventos  11 942049429 falar com Thiago",10,2017-07-15T22:10:33Z,PT2M28S,2d,hd,800096,21491,15211,0,0,UCEAyAWDPVDQoi6gAz7a1NHg
133,RGN-zIEp88I,Cara bacana ( cover Mc g15 ) Meloy e Bella angel,"Instagram @melodyoficial3 @bellaangeloficial
contato para shows e eventos - 011 942049429  falar com thiago",10,2017-07-09T21:52:51Z,PT1M21S,2d,hd,423252,13669,4104,0,1881,UCEAyAWDPVDQoi6gAz7a1NHg
134,YdBYeKI4IRA,MELODY E BELLA ANGEL  - HOMENAGEM AO DIA DAS MÃES,INSTAGRAM @MELODYOFICIAL3  @BELLAANGELOFICIAL,10,2017-05-15T01:32:59Z,PT2M51S,2d,hd,246086,11462,1440,0,1891,UCEAyAWDPVDQoi6gAz7a1NHg
135,0hV1Y8cfz8A,PERDI O FALSETE! - Melody hipnotizada pelo Pyong Lee [HIPNOSE],"Fui hipnotizada pelo Pyong Lee e perdi meu falsete :O
O que mais será que aprontamos pra vocês? Dá um play, deixa seu like e INSCREVA-SE no canal!

Meu canal: www.youtube.com/MelodyOficial
Meu Instagram: www.instagram.com/melodyoficial3
Canal do Pyong: www.youtube.com/pyongleetv

Quer me contratar?
contato@hifiveproducoes.com.br",24,2017-05-06T23:05:05Z,PT11M44S,2d,hd,618705,22316,4910,0,3750,UCEAyAWDPVDQoi6gAz7a1NHg
136,IyAbTVg23Rs,Vai namorar comigo sim - melody e bella angel ( Cover Henrique e juliano ),"Instagram @melodyoficial3 @bellanageloficial
contato para shows e eventos - Email - melodyoficial3@gmail.com",10,2017-03-27T21:56:30Z,PT1M18S,2d,hd,942890,22921,7188,0,0,UCEAyAWDPVDQoi6gAz7a1NHg
137,p125NpX1vsI,"Melody, Bella Angel e MC Belinho (Cover Luan Santana e Ellie Goulding)",INSTAGRAM @melodyoficial3 @bellaangeloficial @mcbelinho.oficial,10,2017-03-14T21:55:27Z,PT3M39S,2d,hd,319330,11127,2264,0,2577,UCEAyAWDPVDQoi6gAz7a1NHg
138,nSkcOhDp9l8,"Melody - So com 15 , web clip oficial","Istagram  @melodyoficial3
Contato para shows - 011 942049429    thiago
BM produtora - grave seu video clip com a gente",10,2017-03-02T20:34:28Z,PT3M18S,2d,hd,1189987,26476,10092,0,8129,UCEAyAWDPVDQoi6gAz7a1NHg
139,sfKXu4AVYmY,"Melody,  Aryel e Bella angel ( só curtição )","Instagram @melodyoficial3  @bellaangeloficial  @aryeloficial
Contato para shows - Email - melodyoficial3@gmail.com",23,2017-02-06T20:01:23Z,PT2M48S,2d,hd,19499175,302608,107548,0,0,UCEAyAWDPVDQoi6gAz7a1NHg
140,A-WV8azqhB4,homenagem ao chapecoense ( o mundo em oração )  Melody e bella angel,"Instagram @melodyoficial3  @bellaangeloficial
contato para shows e eventos 011 942049429",23,2016-12-02T19:41:57Z,PT1M38S,2d,sd,3192349,124547,7728,0,0,UCEAyAWDPVDQoi6gAz7a1NHg
141,lgU8HegbaHs,Melody e Rafinha Dragão ( Biel ft  Ludmilla   Melhor Assim Cover  ),"Instagram  @melodyoficial3
Email -  melodyoficial3@gmail.com
Contato para shows e eventos  - 011 942049429",23,2016-10-25T23:02:44Z,PT3M31S,2d,hd,874083,22525,9778,0,0,UCEAyAWDPVDQoi6gAz7a1NHg
142,Jq3HWYbf6Vg,Melody -Nhe nhe nhe bla bla bla falsete,"Instagram @melodyoficial3
Email  melodyoficial3@gmail.com
Contato para show - 011 78815447",10,2016-04-19T23:18:30Z,PT2M,2d,hd,868218,20925,23760,0,0,UCEAyAWDPVDQoi6gAz7a1NHg
