,vid_id,title,description,category,date,duration,2d3d,definition,views,likes,dislikes,favorites,num_comments,channel_id
0,1plu1WNkztQ,どう森のねずみによって滅んだ世界のゲームと近状報告とリハビリ,"生きてます！！！！！
リハビリがてらゲーム配信をちょっとだけするよ。
3Dで動画撮ろうとしたらUnityがフリーズするんだ…

LAMさんのTwitter
https://twitter.com/ramdayo1122
馬犬ちゃんのTwitter
https://twitter.com/Beginning_BKN",20,2020-03-21T15:18:37Z,PT1H25M5S,2d,hd,38705,992,12,0,43,UCUMJg1pikkU3qnAgbJ5pqew
1,Ios-ZpeqnSk,九条家と送るREALITY大反省会２,１月２７日にREALITYにてLAM家が一同に会し配信を行うというサバトが行われたが相変わらずへっぽこだった馬犬が猛省をする配信。酒を持ってこい。,24,2020-01-28T14:05:04Z,PT1H24M42S,2d,hd,39911,912,15,0,27,UCUMJg1pikkU3qnAgbJ5pqew
2,pAQbu2lIEkE,ド風邪を引いて寝込んでたので雑談配信する,深夜ローテンション雑談,20,2020-01-17T20:19:20Z,PT2H41M3S,2d,hd,41942,1152,16,0,41,UCUMJg1pikkU3qnAgbJ5pqew
3,H6xcCC5q4gg,HAPPY NEW EAR！！！！！！,"あけましておめでとうございます！！！！
ハロウィン動画です！！！！！
ありがとうございました！！！！！

ノークレームノーリターンでお願いします。


Twitter
https://twitter.com/Beginning_BKN",24,2020-01-05T09:15:15Z,PT13M21S,2d,hd,132347,7945,229,0,1213,UCUMJg1pikkU3qnAgbJ5pqew
4,I_aSbIbJ-TI,VアワードGoodRookie賞の裏側とか表側とか,"キズナアイちゃんの番組でGoodRookie賞を受賞しました！それを巡りドタバタと地獄の一週間が始まるとは誰が予想していたか…。いやしていたわ。というか間に合わなかった。てへりってなもんじゃわい。

トロフィーは勝手に持ってきました。

あと何か副賞というか、アイちゃんとコラボ出来る権利も貰えたみたいです。

…んん？？？？？


Twitter
https://twitter.com/Beginning_BKN",24,2019-12-05T09:00:04Z,PT6M11S,2d,hd,147058,7869,113,0,937,UCUMJg1pikkU3qnAgbJ5pqew
5,swGTs7V0BkI,ダクソ出来なかった配信,"雑談配信じゃよ
質疑応答、罵詈雑言なんでも受け付けるよ",22,2019-11-15T11:41:56Z,PT1H6M44S,2d,hd,124431,3140,47,0,237,UCUMJg1pikkU3qnAgbJ5pqew
6,0aIgQ_SGvQg,収益化とチャンネル削除と怖い話の話,"状況が時間経過につれ変化するので動画を作っては作り直し、作っては作り直し、作っては作り直しで頭おかしくなるかと思った動画。これは何の動画なの？？？？？

GYARIさんの応募は終わってVTuberもデビューしました！
https://twitter.com/GYARI_
黄色い子
https://www.youtube.com/channel/UCajhBT4nMrg3DLS-bLL2RCg/featured
赤い子
https://www.youtube.com/channel/UC3vzVK_N_SUVKqbX69L_X4g
黒い子
https://www.youtube.com/channel/UCaFhsCKSSS821N-EcWmPkUQ

可愛そうなメイカちゃんのチャンネルはココ。まだの人は二回登録してあげて
https://www.youtube.com/channel/UC7-N7MvN5muVIHqyQx9LFbA
可愛い馬犬ちゃんのTwitterはココ。
https://mobile.twitter.com/Beginning_BKN",24,2019-09-29T13:32:49Z,PT13M48S,2d,hd,466771,23471,329,0,2540,UCUMJg1pikkU3qnAgbJ5pqew
7,Hvl54JhJsfA,初めまして！新人バーチャルYouTuber馬犬です！！,"よろぴく。

Twitter
https://mobile.twitter.com/Beginning_BKN",24,2019-09-02T10:32:45Z,PT10M56S,2d,hd,1309841,60052,1105,0,11005,UCUMJg1pikkU3qnAgbJ5pqew
