ranking,jp_name,eng_name,agency,total_subs,total_views,channel_id,debut,vid_cnt
41,鈴鹿詩子,鈴鹿詩子 Utako Suzuka,にじさんじ(1・2期生),284000,43837357,UCwokZsOK_uEre70XayaFnzA,2018-03-06T08:28:20Z,418
42,星街すいせい,Suisei Channel,ホロライブ,293000,19482311,UC5CwaMl1eIgY8h02uZw7u8A,2018-03-18T08:32:39Z,278
43,さくらみこ,Miko Ch. さくらみこ,ホロライブ,285000,30634132,UC-hM6YJuNYVAmUWxeIr9FeA,2018-04-25T02:45:48Z,793
44,シフィ(シフィ―ル・エシラー),シフィ - Sifir Esirer -,エイレーン一家,277000,57089329,UCz0lin3ZsOtmr2yuTN2MDQg,2017-08-20T13:47:06Z,132
45,潤羽るしあ,Rushia Ch. 潤羽るしあ,ホロライブ,281000,11809020,UCl_gCybOJRIgOXw6Qb4qJzQ,2019-07-03T06:34:35Z,250
46,富士葵(ふじあおい),Aoi ch.,Smarprise,272000,61104974,UC3Ruo_5doyu514PesWGvCAg,2017-10-25T09:22:05Z,437
47,アルス・アルマル,アルス・アルマル -ars almal- 【にじさんじ】,にじさんじ(統合後),271000,28525746,UCdpUojq0KWZCN9bxXnZwz5w,2019-06-27T06:17:49Z,281
48,周防パトラ,Patra Channel / 周防パトラ 【ハニスト】,ハニーストラップ,269000,52408785,UCeLzT-7b2PBcunJplmWtoDg,2018-07-08T05:40:35Z,789
49,戌亥とこ(いぬいとこ),戌亥とこ-Inui Toko-【にじさんじ】,にじさんじ(統合後),266000,20738543,UCXRlIK3Cw_TJIQC5kSJJQMg,2019-03-19T03:56:54Z,163
50,叶(かなえ),Kanae Channel,にじさんじ(ゲーマーズ出身),267000,76689556,UCspv01oxUFf_MTSipURRhkA,2018-05-01T08:37:40Z,1387
