ranking,jp_name,eng_name,agency,total_subs,total_views,channel_id,debut,vid_cnt
1,キズナアイ,A.I.Channel, ,2730000,306284743,UC4YaOt1yT-ZeyB0OmxHgolA,2016-10-19T06:03:24Z,873
2,キズナアイ(ゲーム),A.I.Games, ,1460000,151414708,UCbFwe3COkDrbNsbMyGNCsDg,2017-03-14T05:55:28Z,759
3,輝夜月(かぐやるな),Kaguya Luna Official,VIC,988000,101713305,UCQYADFw7xEJ9oZSM5ZbqyBw,2017-12-04T15:00:41Z,107
4,ミライアカリ,Mirai Akari Project,元ENTUM,725000,66782277,UCMYtONm441rBogWK_xPH9HA,2014-03-01T00:53:27Z,272
