,vid_id,title,description,category,date,duration,2d3d,definition,views,likes,dislikes,favorites,num_comments,channel_id
0,5FKRDialKho,1個人的聽前奏猜歌大賽！！ 經典動漫歌曲Miru能唱出幾首呢(。-`ω-)？,"#Vtuber #台灣Vtuber #虛擬Youtuber

留言告訴咪嚕杏眾們最喜歡的經典動漫是哪一部吧!!

　　　　　　／) 
　　 　　　/イ⋈ノフ
　　　　　(◍•ω•◍)   ＜コメント&高評価して頂けると嬉しいです🌼
- - - - - - - - - - - o- - - o- - - - - - - - - - - - - - - - - - - - - - - - - - - - -
∞*:;;;;;;:*∞*:;;;;;;:*∞*:;;;;;:*∞*:;;;;;:*∞*:;;;;;:*∞*:;;;;∞*:;;;;∞*:;;;;∞

❒LINE貼圖現正熱賣中: https://store.line.me/stickershop/product/7819626/
❒かわいいBGM提供: マカ猫ちゃん(@Makaneko_Taiwan)

訂閱杏仁ミル的頻道◆よければチャンネル登録おねがいします
https://www.youtube.com/c/AnninMiruChannel

Twitter🌼 https://twitter.com/AnninMirudayo
Facebook🌼 https://www.facebook.com/AnninMirudayo/
マシュマロ(Q&A)🌼 http://bit.ly/2CDOdSL
Discord🌼 https://discord.miru.ml/

∞*:;;;;;;:*∞*:;;;;;;:*∞*:;;;;;:*∞*:;;;;;:*∞*:;;;;;:*∞*:;;;;∞*:;;;;∞*:;;;;∞",22,2020-05-24T06:00:14Z,PT13M22S,2d,hd,48054,2689,28,0,370,UCFahBR2wixu0xOex84bXFvg
1,191GexSxpVI,【虛擬女友陪聊】❤️當Miru撒嬌求抱抱❤️地表殺傷力最高告白,"#Vtuber #台灣Vtuber #虛擬Youtuber

請抱抱咪嚕❤️ 老實說真的滿害羞的咪嚕以為自己在玩闇のゲーム

❒動画編集: 米堡(@Coldtime3) 

　　　　　　／) 
　　 　　　/イ⋈ノフ
　　　　　(◍•ω•◍)   ＜コメント&高評価して頂けると嬉しいです🌼
- - - - - - - - - - - o- - - o- - - - - - - - - - - - - - - - - - - - - - - - - - - - -
∞*:;;;;;;:*∞*:;;;;;;:*∞*:;;;;;:*∞*:;;;;;:*∞*:;;;;;:*∞*:;;;;∞*:;;;;∞*:;;;;∞

❒LINE貼圖現正熱賣中: https://store.line.me/stickershop/product/7819626/
❒かわいいBGM提供: マカ猫ちゃん(@Makaneko_Taiwan)

訂閱杏仁ミル的頻道◆よければチャンネル登録おねがいします
https://www.youtube.com/c/AnninMiruChannel

Twitter🌼 https://twitter.com/AnninMirudayo
Facebook🌼 https://www.facebook.com/AnninMirudayo/
マシュマロ(Q&A)🌼 http://bit.ly/2CDOdSL
Discord🌼 https://discord.miru.ml/

∞*:;;;;;;:*∞*:;;;;;;:*∞*:;;;;;:*∞*:;;;;;:*∞*:;;;;;:*∞*:;;;;∞*:;;;;∞*:;;;;∞",20,2020-05-16T06:00:14Z,PT10M17S,2d,hd,117711,5337,66,0,497,UCFahBR2wixu0xOex84bXFvg
2,PdkaJZYbJEs,【海龜湯】miru玩到難過想哭看透人心黑暗面的海龜湯ft.@Hoonie friends,"#Vtuber #台灣Vtuber #虛擬Youtuber

咪嚕第一次玩海龜湯就玩到超級難過想哭的( ´;ω;` )

　　　　　　／) 
　　 　　　/イ⋈ノフ
　　　　　(◍•ω•◍)   ＜コメント&高評価して頂けると嬉しいです🌼
- - - - - - - - - - - o- - - o- - - - - - - - - - - - - - - - - - - - - - - - - - - - -
∞*:;;;;;;:*∞*:;;;;;;:*∞*:;;;;;:*∞*:;;;;;:*∞*:;;;;;:*∞*:;;;;∞*:;;;;∞*:;;;;∞

❒LINE貼圖現正熱賣中: https://store.line.me/stickershop/product/7819626/
❒かわいいBGM提供: マカ猫ちゃん(@Makaneko_Taiwan)

訂閱杏仁ミル的頻道◆よければチャンネル登録おねがいします
https://www.youtube.com/c/AnninMiruChannel

Twitter🌼 https://twitter.com/AnninMirudayo
Facebook🌼 https://www.facebook.com/AnninMirudayo/
マシュマロ(Q&A)🌼 http://bit.ly/2CDOdSL
Discord🌼 https://discord.miru.ml/

∞*:;;;;;;:*∞*:;;;;;;:*∞*:;;;;;:*∞*:;;;;;:*∞*:;;;;;:*∞*:;;;;∞*:;;;;∞*:;;;;∞",20,2020-05-09T04:00:12Z,PT13M51S,2d,hd,77010,3410,49,0,326,UCFahBR2wixu0xOex84bXFvg
3,bymY6NBgWzM,【咪嚕咪嚕杏期四】是來自外國的妹妹阿!!!!!!!青春的VR女友,"#Vtuber #台灣Vtuber #VRcast

咪嚕咪嚕杏期四
太香了咪嚕要忍不住啦!!

歡迎追蹤咪嚕的Yahoo TV頻道唷!
❒Yahoo TV 頻道: https://tw.tv.yahoo.com/AnninMiru

❒Special Thanks: 
3Dmodel▶ネコアシさん
Design▶マカ猫さん
Logo▶柊涼さん

❒LINE貼圖現正熱賣中: https://store.line.me/stickershop/product/7819626/
❒ミル周邊熱賣中: https://annin-miru.booth.pm/
❒かわいいBGM提供: マカ猫ちゃん(@Makaneko_Taiwan)
                                       山田タ朗（@yamadataroVT）

　　　　　　／) 
　　 　　　/イ⋈ノフ
　　　　　(◍•ω•◍)   ＜コメント&高評価して頂けると嬉しいです🌼
- - - - - - - - - - - o- - - o- - - - - - - - - - - - - - - - - - - - - - - - - - - - -
∞*:;;;;;;:*∞*:;;;;;;:*∞*:;;;;;:*∞*:;;;;;:*∞*:;;;;;:*∞*:;;;;∞*:;;;;∞*:;;;;∞


訂閱杏仁ミル的頻道◆よければチャンネル登録おねがいします
https://www.youtube.com/channel/UCFahBR2wixu0xOex84bXFvg


Twitter🌼 https://twitter.com/AnninMirudayo
Facebook🌼 https://www.facebook.com/AnninMirudayo/
マシュマロ(Q&A)🌼 http://bit.ly/2CDOdSL
Discord🌼 https://discord.miru.ml/
Support the stream: https://streamlabs.com/杏仁ミル
Multistreaming with https://restream.io/


∞*:;;;;;;:*∞*:;;;;;;:*∞*:;;;;;:*∞*:;;;;;:*∞*:;;;;;:*∞*:;;;;∞*:;;;;∞*:;;;;∞

「咪嚕的煩惱相談室」

歡迎寄信或給咪嚕的話都可以寄到以下地址🌼
台北市南港區三重路66號14樓 
媒體部 咪嚕咪嚕杏期四節目收
聯絡電話：02-23602888",20,2020-05-08T07:38:15Z,PT1H16M1S,2d,hd,29770,1149,18,0,56,UCFahBR2wixu0xOex84bXFvg
4,36BylU9q_34,【尼爾:自動人形馬拉松】2B小姐姐咪嚕來啦~!!!,"#Vtuber #台灣Vtuber #VRcast

最美的風景是人(*ﾉωﾉ)　放假在家跟咪嚕一起玩遊戲吧!!

歡迎追蹤咪嚕的Yahoo TV頻道唷!
❒Yahoo TV 頻道: https://tw.tv.yahoo.com/AnninMiru

❒Special Thanks: 
3Dmodel▶ネコアシさん
Design▶マカ猫さん
Logo▶柊涼さん

❒LINE貼圖現正熱賣中: https://store.line.me/stickershop/product/7819626/
❒ミル周邊熱賣中: https://annin-miru.booth.pm/
❒かわいいBGM提供: マカ猫ちゃん(@Makaneko_Taiwan)
                                       山田タ朗（@yamadataroVT）

　　　　　　／) 
　　 　　　/イ⋈ノフ
　　　　　(◍•ω•◍)   ＜コメント&高評価して頂けると嬉しいです🌼
- - - - - - - - - - - o- - - o- - - - - - - - - - - - - - - - - - - - - - - - - - - - -
∞*:;;;;;;:*∞*:;;;;;;:*∞*:;;;;;:*∞*:;;;;;:*∞*:;;;;;:*∞*:;;;;∞*:;;;;∞*:;;;;∞


訂閱杏仁ミル的頻道◆よければチャンネル登録おねがいします
https://www.youtube.com/channel/UCFahBR2wixu0xOex84bXFvg


Twitter🌼 https://twitter.com/AnninMirudayo
Facebook🌼 https://www.facebook.com/AnninMirudayo/
マシュマロ(Q&A)🌼 http://bit.ly/2CDOdSL
Discord🌼 https://discord.miru.ml/
Support the stream: https://streamlabs.com/杏仁ミル
Multistreaming with https://restream.io/


∞*:;;;;;;:*∞*:;;;;;;:*∞*:;;;;;:*∞*:;;;;;:*∞*:;;;;;:*∞*:;;;;∞*:;;;;∞*:;;;;∞

「咪嚕的煩惱相談室」

歡迎寄信或給咪嚕的話都可以寄到以下地址🌼
台北市南港區三重路66號14樓 
媒體部 咪嚕咪嚕杏期四節目收
聯絡電話：02-23602888",20,2020-05-04T14:21:50Z,PT11H26M37S,2d,hd,73559,2331,20,0,133,UCFahBR2wixu0xOex84bXFvg
5,FYV0DoEGhiU,【咪嚕咪嚕杏期四】虛擬AI比手畫腳你猜得出多少?,"#Vtuber #台灣Vtuber #VRcast

咪嚕咪嚕杏期四
miru比出的東西杏眾們猜得出來嗎?
猜題的杏眾，可以在推特上使用「#杏仁ミル」標籤把答案推給咪嚕!!

歡迎追蹤咪嚕的Yahoo TV頻道唷!
❒Yahoo TV 頻道: https://tw.tv.yahoo.com/AnninMiru

❒Special Thanks: 
3Dmodel▶ネコアシさん
Design▶マカ猫さん
Logo▶柊涼さん

❒LINE貼圖現正熱賣中: https://store.line.me/stickershop/product/7819626/
❒ミル周邊熱賣中: https://annin-miru.booth.pm/
❒かわいいBGM提供: マカ猫ちゃん(@Makaneko_Taiwan)
                                       山田タ朗（@yamadataroVT）

　　　　　　／) 
　　 　　　/イ⋈ノフ
　　　　　(◍•ω•◍)   ＜コメント&高評価して頂けると嬉しいです🌼
- - - - - - - - - - - o- - - o- - - - - - - - - - - - - - - - - - - - - - - - - - - - -
∞*:;;;;;;:*∞*:;;;;;;:*∞*:;;;;;:*∞*:;;;;;:*∞*:;;;;;:*∞*:;;;;∞*:;;;;∞*:;;;;∞


訂閱杏仁ミル的頻道◆よければチャンネル登録おねがいします
https://www.youtube.com/channel/UCFahBR2wixu0xOex84bXFvg


Twitter🌼 https://twitter.com/AnninMirudayo
Facebook🌼 https://www.facebook.com/AnninMirudayo/
マシュマロ(Q&A)🌼 http://bit.ly/2CDOdSL
Discord🌼 https://discord.miru.ml/
Support the stream: https://streamlabs.com/杏仁ミル
Multistreaming with https://restream.io/


∞*:;;;;;;:*∞*:;;;;;;:*∞*:;;;;;:*∞*:;;;;;:*∞*:;;;;;:*∞*:;;;;∞*:;;;;∞*:;;;;∞

「咪嚕的煩惱相談室」

歡迎寄信或給咪嚕的話都可以寄到以下地址🌼
台北市南港區三重路66號14樓 
媒體部 咪嚕咪嚕杏期四節目收
聯絡電話：02-23602888",20,2020-04-30T19:23:12Z,PT58M43S,2d,hd,31594,1311,13,0,68,UCFahBR2wixu0xOex84bXFvg
6,-xBGTOhi4Eg,渴望激烈運動的少女?! 看大叔心miru如何撩妹【VR女友夏日課程實況精華】,"#Vtuber #台灣Vtuber #虛擬Youtuber

VR女友夏日課程實況精華 超級大叔心態Miru如何撩妹

　　　　　　／) 
　　 　　　/イ⋈ノフ
　　　　　(◍•ω•◍)   ＜コメント&高評価して頂けると嬉しいです🌼
- - - - - - - - - - - o- - - o- - - - - - - - - - - - - - - - - - - - - - - - - - - - -
∞*:;;;;;;:*∞*:;;;;;;:*∞*:;;;;;:*∞*:;;;;;:*∞*:;;;;;:*∞*:;;;;∞*:;;;;∞*:;;;;∞

❒LINE貼圖現正熱賣中: https://store.line.me/stickershop/product/7819626/
❒かわいいBGM提供: マカ猫ちゃん(@Makaneko_Taiwan)

訂閱杏仁ミル的頻道◆よければチャンネル登録おねがいします
https://www.youtube.com/c/AnninMiruChannel

Twitter🌼 https://twitter.com/AnninMirudayo
Facebook🌼 https://www.facebook.com/AnninMirudayo/
マシュマロ(Q&A)🌼 http://bit.ly/2CDOdSL
Discord🌼 https://discord.miru.ml/

∞*:;;;;;;:*∞*:;;;;;;:*∞*:;;;;;:*∞*:;;;;;:*∞*:;;;;;:*∞*:;;;;∞*:;;;;∞*:;;;;∞",20,2020-04-26T08:30:15Z,PT16M23S,2d,hd,75543,2448,29,0,163,UCFahBR2wixu0xOex84bXFvg
7,rdvlHWJo7nc,【Minecraft】全新麥塊玩法‼你蓋我拆⁈無法控制的破壞狂Miru ft.@柏慎 @鬼鬼 @雪兔 @【雙聲類】小光,"#Vtuber #台灣Vtuber #虛擬Youtuber

人家玩的是《你蓋我猜》6歲歲破壞狂咪嚕是玩《你蓋我拆》

❒動画編集: 米堡(@Coldtime3) 
❒素材提供: 天空貓(@SoraNeko_1114)

　　　　　　／) 
　　 　　　/イ⋈ノフ
　　　　　(◍•ω•◍)   ＜コメント&高評価して頂けると嬉しいです🌼
- - - - - - - - - - - o- - - o- - - - - - - - - - - - - - - - - - - - - - - - - - - - -
∞*:;;;;;;:*∞*:;;;;;;:*∞*:;;;;;:*∞*:;;;;;:*∞*:;;;;;:*∞*:;;;;∞*:;;;;∞*:;;;;∞

❒LINE貼圖現正熱賣中: https://store.line.me/stickershop/product/7819626/
❒かわいいBGM提供: マカ猫ちゃん(@Makaneko_Taiwan)

訂閱杏仁ミル的頻道◆よければチャンネル登録おねがいします
https://www.youtube.com/c/AnninMiruChannel

Twitter🌼 https://twitter.com/AnninMirudayo
Facebook🌼 https://www.facebook.com/AnninMirudayo/
マシュマロ(Q&A)🌼 http://bit.ly/2CDOdSL
Discord🌼 https://discord.miru.ml/

∞*:;;;;;;:*∞*:;;;;;;:*∞*:;;;;;:*∞*:;;;;;:*∞*:;;;;;:*∞*:;;;;∞*:;;;;∞*:;;;;∞",20,2020-04-25T02:00:12Z,PT10M17S,2d,hd,124976,4749,67,0,185,UCFahBR2wixu0xOex84bXFvg
8,8rcw_X-zJ78,杏仁ミル的3D新衣裝發表會【咪嚕咪嚕杏期四】,"#Vtuber #台灣Vtuber #虛擬Youtuber
#StayHome #WithMe #大家一起

咪嚕咪嚕杏期四
大正時期的「袴」風格的咪嚕!! 怎麼可以錯過!

最近YT跟FB的直播都不太穩，杏眾們lag的話可以改到其他平台喔
YahooTV🌻⇒https://tw.tv.yahoo.com/AnninMiru/
Twitch 🌻⇒twitch.tv/vtuber_amiru
Facebook🌻⇒https://www.facebook.com/AnninMirudayo/

歡迎追蹤咪嚕的Yahoo TV頻道唷!
❒Yahoo TV 頻道: https://tw.tv.yahoo.com/AnninMiru

❒Special Thanks: 
3Dmodel▶ネコアシさん
Design▶マカ猫さん
Logo▶柊涼さん

❒LINE貼圖現正熱賣中: https://store.line.me/stickershop/product/7819626/
❒ミル周邊熱賣中: https://annin-miru.booth.pm/
❒かわいいBGM提供: マカ猫ちゃん(@Makaneko_Taiwan)
                                       山田タ朗（@yamadataroVT）

　　　　　　／) 
　　 　　　/イ⋈ノフ
　　　　　(◍•ω•◍)   ＜コメント&高評価して頂けると嬉しいです🌼
- - - - - - - - - - - o- - - o- - - - - - - - - - - - - - - - - - - - - - - - - - - - -
∞*:;;;;;;:*∞*:;;;;;;:*∞*:;;;;;:*∞*:;;;;;:*∞*:;;;;;:*∞*:;;;;∞*:;;;;∞*:;;;;∞


訂閱杏仁ミル的頻道◆よければチャンネル登録おねがいします
https://www.youtube.com/channel/UCFahBR2wixu0xOex84bXFvg


Twitter🌼 https://twitter.com/AnninMirudayo
Facebook🌼 https://www.facebook.com/AnninMirudayo/
マシュマロ(Q&A)🌼 http://bit.ly/2CDOdSL
Discord🌼 https://discord.miru.ml/
Support the stream: https://streamlabs.com/杏仁ミル
Multistreaming with https://restream.io/


∞*:;;;;;;:*∞*:;;;;;;:*∞*:;;;;;:*∞*:;;;;;:*∞*:;;;;;:*∞*:;;;;∞*:;;;;∞*:;;;;∞

「咪嚕的煩惱相談室」

歡迎寄信或給咪嚕的話都可以寄到以下地址🌼
台北市南港區三重路66號14樓 
媒體部 咪嚕咪嚕杏期四節目收
聯絡電話：02-23602888",22,2020-04-23T13:16:30Z,PT1H2M14S,2d,hd,50679,2612,17,0,124,UCFahBR2wixu0xOex84bXFvg
9,wFSmgEMGNgc,交友app約到超正女神竟然是個公主💓神秘手勢直接讓女神嚇跑【餐桌物語】,"#Vtuber #台灣Vtuber #虛擬Youtuber

情人節那天咪嚕用交友app約了位女神咪嚕的標準手勢直接嚇跑女神嗚嗚

❒動画編集: 米堡(@Coldtime3) 

　　　　　　／) 
　　 　　　/イ⋈ノフ
　　　　　(◍•ω•◍)   ＜コメント&高評価して頂けると嬉しいです🌼
- - - - - - - - - - - o- - - o- - - - - - - - - - - - - - - - - - - - - - - - - - - - -
∞*:;;;;;;:*∞*:;;;;;;:*∞*:;;;;;:*∞*:;;;;;:*∞*:;;;;;:*∞*:;;;;∞*:;;;;∞*:;;;;∞

❒LINE貼圖現正熱賣中: https://store.line.me/stickershop/product/7819626/
❒かわいいBGM提供: マカ猫ちゃん(@Makaneko_Taiwan)

訂閱杏仁ミル的頻道◆よければチャンネル登録おねがいします
https://www.youtube.com/c/AnninMiruChannel

Twitter🌼 https://twitter.com/AnninMirudayo
Facebook🌼 https://www.facebook.com/AnninMirudayo/
マシュマロ(Q&A)🌼 http://bit.ly/2CDOdSL
Discord🌼 https://discord.miru.ml/

∞*:;;;;;;:*∞*:;;;;;;:*∞*:;;;;;:*∞*:;;;;;:*∞*:;;;;;:*∞*:;;;;∞*:;;;;∞*:;;;;∞",20,2020-04-19T02:00:15Z,PT17M8S,2d,hd,67366,2635,30,0,277,UCFahBR2wixu0xOex84bXFvg
10,U2Kt9_b2eXU,【咪嚕咪嚕杏期四】Vtuber挑戰恐怖箱💀內容物未知,"#Vtuber #台灣Vtuber #虛擬Youtuber

咪嚕咪嚕杏期四
咪嚕挑戰自我系列! 恐怖箱裡面到底裝了些什麼呢?!

歡迎追蹤咪嚕的Yahoo TV頻道唷!
❒Yahoo TV 頻道: https://tw.tv.yahoo.com/AnninMiru

❒Special Thanks: 
3Dmodel▶ネコアシさん
Design▶マカ猫さん
Logo▶柊涼さん

❒LINE貼圖現正熱賣中: https://store.line.me/stickershop/product/7819626/
❒ミル周邊熱賣中: https://annin-miru.booth.pm/
❒かわいいBGM提供: マカ猫ちゃん(@Makaneko_Taiwan)
                                       山田タ朗（@yamadataroVT）

　　　　　　／) 
　　 　　　/イ⋈ノフ
　　　　　(◍•ω•◍)   ＜コメント&高評価して頂けると嬉しいです🌼
- - - - - - - - - - - o- - - o- - - - - - - - - - - - - - - - - - - - - - - - - - - - -
∞*:;;;;;;:*∞*:;;;;;;:*∞*:;;;;;:*∞*:;;;;;:*∞*:;;;;;:*∞*:;;;;∞*:;;;;∞*:;;;;∞


訂閱杏仁ミル的頻道◆よければチャンネル登録おねがいします
https://www.youtube.com/channel/UCFahBR2wixu0xOex84bXFvg


Twitter🌼 https://twitter.com/AnninMirudayo
Facebook🌼 https://www.facebook.com/AnninMirudayo/
マシュマロ(Q&A)🌼 http://bit.ly/2CDOdSL
Discord🌼 https://discord.miru.ml/
Support the stream: https://streamlabs.com/杏仁ミル
Multistreaming with https://restream.io/


∞*:;;;;;;:*∞*:;;;;;;:*∞*:;;;;;:*∞*:;;;;;:*∞*:;;;;;:*∞*:;;;;∞*:;;;;∞*:;;;;∞

「咪嚕的煩惱相談室」

歡迎寄信或給咪嚕的話都可以寄到以下地址🌼
台北市南港區三重路66號14樓 
媒體部 咪嚕咪嚕杏期四節目收
聯絡電話：02-23602888",22,2020-04-16T13:21:47Z,PT1H1M3S,2d,hd,44628,1627,27,0,79,UCFahBR2wixu0xOex84bXFvg
11,AzrdJuhWNcQ,星野源X杏仁ミル – うちで踊ろう Dancing On The Inside,"#うちで踊ろう #StayHome #WithMe #DancingontheInside #星野源 #在家跳舞吧

不能出門的日子，跟咪嚕一起在家吧!!

❑うちで踊ろう「在家跳舞吧」
    Written by Gen Hoshino

原曲：https://youtu.be/b4DeMn_TtF4

　　　　　　／) 
　　 　　　/イ⋈ノフ
　　　　　(◍•ω•◍)   ＜コメント&高評価して頂けると嬉しいです🌼
- - - - - - - - - - - o- - - o- - - - - - - - - - - - - - - - - - - - - - - - - - - - -
∞*:;;;;;;:*∞*:;;;;;;:*∞*:;;;;;:*∞*:;;;;;:*∞*:;;;;;:*∞*:;;;;∞*:;;;;∞*:;;;;∞

❒LINE貼圖現正熱賣中: https://store.line.me/stickershop/product/7819626/
❒かわいいBGM提供: マカ猫ちゃん(@Makaneko_Taiwan)

訂閱杏仁ミル的頻道◆よければチャンネル登録おねがいします
https://www.youtube.com/c/AnninMiruChannel

Twitter🌼 https://twitter.com/AnninMirudayo
Facebook🌼 https://www.facebook.com/AnninMirudayo/
マシュマロ(Q&A)🌼 http://bit.ly/2CDOdSL
Discord🌼 https://discord.miru.ml/

∞*:;;;;;;:*∞*:;;;;;;:*∞*:;;;;;:*∞*:;;;;;:*∞*:;;;;;:*∞*:;;;;∞*:;;;;∞*:;;;;∞",10,2020-04-15T02:00:03Z,PT11M40S,2d,hd,65138,3406,37,0,303,UCFahBR2wixu0xOex84bXFvg
12,9j04iob_KQA,本人出演的10分鐘了解Vtuber杏仁ミル,"#Vtuber #台灣Vtuber #虛擬Youtuber

Miru本人來一一為大家解密Vtuber到底是什麼?!

　　　　　　／) 
　　 　　　/イ⋈ノフ
　　　　　(◍•ω•◍)   ＜コメント&高評価して頂けると嬉しいです🌼
- - - - - - - - - - - o- - - o- - - - - - - - - - - - - - - - - - - - - - - - - - - - -
∞*:;;;;;;:*∞*:;;;;;;:*∞*:;;;;;:*∞*:;;;;;:*∞*:;;;;;:*∞*:;;;;∞*:;;;;∞*:;;;;∞

❒LINE貼圖現正熱賣中: https://store.line.me/stickershop/product/7819626/
❒かわいいBGM提供: マカ猫ちゃん(@Makaneko_Taiwan)

訂閱杏仁ミル的頻道◆よければチャンネル登録おねがいします
https://www.youtube.com/c/AnninMiruChannel

Twitter🌼 https://twitter.com/AnninMirudayo
Facebook🌼 https://www.facebook.com/AnninMirudayo/
マシュマロ(Q&A)🌼 http://bit.ly/2CDOdSL
Discord🌼 https://discord.miru.ml/

∞*:;;;;;;:*∞*:;;;;;;:*∞*:;;;;;:*∞*:;;;;;:*∞*:;;;;;:*∞*:;;;;∞*:;;;;∞*:;;;;∞
「咪嚕的煩惱相談室」

歡迎寄信或給咪嚕的話都可以寄到以下地址🌼
台北市南港區三重路66號14樓 
媒體部 咪嚕咪嚕杏期四節目收
聯絡電話：02-23602888",22,2020-04-11T06:00:12Z,PT10M8S,2d,hd,294693,13338,184,0,2045,UCFahBR2wixu0xOex84bXFvg
13,vPcaXHlOfDs,手殘美少女miru【地獄邊境】小男孩地獄之旅尖叫合集part.2,"#Vtuber #台灣Vtuber #虛擬Youtuber

小男孩地獄之旅尋找春天的小男孩!!

❒動画編集: Meko(@vtuber_meko) 

　　　　　　／) 
　　 　　　/イ⋈ノフ
　　　　　(◍•ω•◍)   ＜コメント&高評価して頂けると嬉しいです🌼
- - - - - - - - - - - o- - - o- - - - - - - - - - - - - - - - - - - - - - - - - - - - -
∞*:;;;;;;:*∞*:;;;;;;:*∞*:;;;;;:*∞*:;;;;;:*∞*:;;;;;:*∞*:;;;;∞*:;;;;∞*:;;;;∞

❒LINE貼圖現正熱賣中: https://store.line.me/stickershop/product/7819626/
❒かわいいBGM提供: マカ猫ちゃん(@Makaneko_Taiwan)

訂閱杏仁ミル的頻道◆よければチャンネル登録おねがいします
https://www.youtube.com/c/AnninMiruChannel

Twitter🌼 https://twitter.com/AnninMirudayo
Facebook🌼 https://www.facebook.com/AnninMirudayo/
マシュマロ(Q&A)🌼 http://bit.ly/2CDOdSL
Discord🌼 https://discord.miru.ml/

∞*:;;;;;;:*∞*:;;;;;;:*∞*:;;;;;:*∞*:;;;;;:*∞*:;;;;;:*∞*:;;;;∞*:;;;;∞*:;;;;∞",20,2020-04-12T06:00:13Z,PT9M13S,2d,hd,35735,1551,12,0,109,UCFahBR2wixu0xOex84bXFvg
14,q0DQ3ZHG6tI,【咪嚕咪嚕杏期四】MIRU的有問必答棉花糖time!!,"#Vtuber #台灣Vtuber #虛擬Youtuber

咪嚕咪嚕杏期四
MIRU的有問必答棉花糖時間!!
miru將蒐集來的棉花糖一個一個開封為杏眾們解答!!

歡迎追蹤咪嚕的Yahoo TV頻道唷!
❒Yahoo TV 頻道: https://tw.tv.yahoo.com/AnninMiru

❒Special Thanks: 
3Dmodel▶ネコアシさん
Design▶マカ猫さん
Logo▶柊涼さん

❒LINE貼圖現正熱賣中: https://store.line.me/stickershop/product/7819626/
❒ミル周邊熱賣中: https://annin-miru.booth.pm/
❒かわいいBGM提供: マカ猫ちゃん(@Makaneko_Taiwan)
                                       山田タ朗（@yamadataroVT）

　　　　　　／) 
　　 　　　/イ⋈ノフ
　　　　　(◍•ω•◍)   ＜コメント&高評価して頂けると嬉しいです🌼
- - - - - - - - - - - o- - - o- - - - - - - - - - - - - - - - - - - - - - - - - - - - -
∞*:;;;;;;:*∞*:;;;;;;:*∞*:;;;;;:*∞*:;;;;;:*∞*:;;;;;:*∞*:;;;;∞*:;;;;∞*:;;;;∞


訂閱杏仁ミル的頻道◆よければチャンネル登録おねがいします
https://www.youtube.com/channel/UCFahBR2wixu0xOex84bXFvg


Twitter🌼 https://twitter.com/AnninMirudayo
Facebook🌼 https://www.facebook.com/AnninMirudayo/
マシュマロ(Q&A)🌼 http://bit.ly/2CDOdSL
Discord🌼 https://discord.miru.ml/
Support the stream: https://streamlabs.com/杏仁ミル
Multistreaming with https://restream.io/


∞*:;;;;;;:*∞*:;;;;;;:*∞*:;;;;;:*∞*:;;;;;:*∞*:;;;;;:*∞*:;;;;∞*:;;;;∞*:;;;;∞

「咪嚕的煩惱相談室」

歡迎寄信或給咪嚕的話都可以寄到以下地址🌼
台北市南港區三重路66號14樓 
媒體部 咪嚕咪嚕杏期四節目收
聯絡電話：02-23602888",22,2020-04-09T13:21:22Z,PT1H8M58S,2d,hd,29642,1356,16,0,94,UCFahBR2wixu0xOex84bXFvg
15,19lS8tLv6FM,【健身環大冒險】清楚系女子全新節奏挑戰! 快跟miru一起動起來🎶,"#Vtuber #台灣Vtuber #虛擬Youtuber

該運動囉!!! 跟著節奏搖擺起來(。-`ω-)

歡迎追蹤咪嚕的Yahoo TV頻道唷!
❒Yahoo TV 頻道: https://tw.tv.yahoo.com/AnninMiru

❒Special Thanks: 
3Dmodel▶ネコアシさん
Design▶マカ猫さん
Logo▶柊涼さん

❒LINE貼圖現正熱賣中: https://store.line.me/stickershop/product/7819626/
❒ミル周邊熱賣中: https://annin-miru.booth.pm/
❒かわいいBGM提供: マカ猫ちゃん(@Makaneko_Taiwan)
                                       山田タ朗（@yamadataroVT）

　　　　　　／) 
　　 　　　/イ⋈ノフ
　　　　　(◍•ω•◍)   ＜コメント&高評価して頂けると嬉しいです🌼
- - - - - - - - - - - o- - - o- - - - - - - - - - - - - - - - - - - - - - - - - - - - -
∞*:;;;;;;:*∞*:;;;;;;:*∞*:;;;;;:*∞*:;;;;;:*∞*:;;;;;:*∞*:;;;;∞*:;;;;∞*:;;;;∞


訂閱杏仁ミル的頻道◆よければチャンネル登録おねがいします
https://www.youtube.com/channel/UCFahBR2wixu0xOex84bXFvg


Twitter🌼 https://twitter.com/AnninMirudayo
Facebook🌼 https://www.facebook.com/AnninMirudayo/
マシュマロ(Q&A)🌼 http://bit.ly/2CDOdSL
Discord🌼 https://discord.miru.ml/
Support the stream: https://streamlabs.com/杏仁ミル
Multistreaming with https://restream.io/


∞*:;;;;;;:*∞*:;;;;;;:*∞*:;;;;;:*∞*:;;;;;:*∞*:;;;;;:*∞*:;;;;∞*:;;;;∞*:;;;;∞

「咪嚕的煩惱相談室」

歡迎寄信或給咪嚕的話都可以寄到以下地址🌼
台北市南港區三重路66號14樓 
媒體部 咪嚕咪嚕杏期四節目收
聯絡電話：02-23602888",20,2020-04-06T13:21:11Z,PT1H1M49S,2d,hd,66628,2313,20,0,97,UCFahBR2wixu0xOex84bXFvg
16,e8lWgEt4ZLw,【動物森友會】美少女無人島探訪🏝慘遭島友上下其手,"#Vtuber #台灣Vtuber #虛擬Youtuber

動物森友會無人島生活 連假就在無人島中生活吧
#StayHome and play game #WithMe

❒動画編集: 米堡(@Coldtime3) 
❒封面圖片: 馬卡貓(@Makaneko_Taiwan)

　　　　　　／) 
　　 　　　/イ⋈ノフ
　　　　　(◍•ω•◍)   ＜コメント&高評価して頂けると嬉しいです🌼
- - - - - - - - - - - o- - - o- - - - - - - - - - - - - - - - - - - - - - - - - - - - -
∞*:;;;;;;:*∞*:;;;;;;:*∞*:;;;;;:*∞*:;;;;;:*∞*:;;;;;:*∞*:;;;;∞*:;;;;∞*:;;;;∞

❒LINE貼圖現正熱賣中: https://store.line.me/stickershop/product/7819626/
❒かわいいBGM提供: マカ猫ちゃん(@Makaneko_Taiwan)

訂閱杏仁ミル的頻道◆よければチャンネル登録おねがいします
https://www.youtube.com/c/AnninMiruChannel

Twitter🌼 https://twitter.com/AnninMirudayo
Facebook🌼 https://www.facebook.com/AnninMirudayo/
マシュマロ(Q&A)🌼 http://bit.ly/2CDOdSL
Discord🌼 https://discord.miru.ml/

∞*:;;;;;;:*∞*:;;;;;;:*∞*:;;;;;:*∞*:;;;;;:*∞*:;;;;;:*∞*:;;;;∞*:;;;;∞*:;;;;∞",20,2020-04-05T02:00:12Z,PT10M2S,2d,hd,73691,2813,17,0,131,UCFahBR2wixu0xOex84bXFvg
17,J8bW2GlbjDY,【雪山狼人殺】miru發狂大笑💀腹黑蘿莉毒殺好人方💀ft.@阿神 @羽毛  @【雙聲類】小光 @柏慎 @秀康Showcome @雪兔  @kuroko哲平,"#Vtuber #台灣Vtuber #虛擬Youtuber

雪山狼人殺最經典橋段，最佳導演上線毒殺哲平 Miru笑的超誇張

❒動画編集: 米堡(@Coldtime3) 
❒封面圖片: 敘亞(https://h.bilibili.com/68019728)

　　　　　　／) 
　　 　　　/イ⋈ノフ
　　　　　(◍•ω•◍)   ＜コメント&高評価して頂けると嬉しいです🌼
- - - - - - - - - - - o- - - o- - - - - - - - - - - - - - - - - - - - - - - - - - - - -
∞*:;;;;;;:*∞*:;;;;;;:*∞*:;;;;;:*∞*:;;;;;:*∞*:;;;;;:*∞*:;;;;∞*:;;;;∞*:;;;;∞

❒LINE貼圖現正熱賣中: https://store.line.me/stickershop/product/7819626/
❒かわいいBGM提供: マカ猫ちゃん(@Makaneko_Taiwan)

訂閱杏仁ミル的頻道◆よければチャンネル登録おねがいします
https://www.youtube.com/c/AnninMiruChannel

Twitter🌼 https://twitter.com/AnninMirudayo
Facebook🌼 https://www.facebook.com/AnninMirudayo/
マシュマロ(Q&A)🌼 http://bit.ly/2CDOdSL
Discord🌼 https://discord.miru.ml/

∞*:;;;;;;:*∞*:;;;;;;:*∞*:;;;;;:*∞*:;;;;;:*∞*:;;;;;:*∞*:;;;;∞*:;;;;∞*:;;;;∞",20,2020-04-10T09:00:12Z,PT15M18S,2d,hd,74798,2503,23,0,141,UCFahBR2wixu0xOex84bXFvg
18,z21dJTPeh3w,【黑相集：棉蘭號】和@阿神 搭船竟然遇到?! Miru的最終抉擇是?,"#Vtuber #台灣Vtuber #虛擬Youtuber

咪嚕真的覺得黑相集超級恐怖( ´;ω;` )

❒動画編集: 米堡(@Coldtime3) 
❒封面圖片: 天空貓(@mn24681012)

　　　　　　／) 
　　 　　　/イ⋈ノフ
　　　　　(◍•ω•◍)   ＜コメント&高評価して頂けると嬉しいです🌼
- - - - - - - - - - - o- - - o- - - - - - - - - - - - - - - - - - - - - - - - - - - - -
∞*:;;;;;;:*∞*:;;;;;;:*∞*:;;;;;:*∞*:;;;;;:*∞*:;;;;;:*∞*:;;;;∞*:;;;;∞*:;;;;∞

❒LINE貼圖現正熱賣中: https://store.line.me/stickershop/product/7819626/
❒かわいいBGM提供: マカ猫ちゃん(@Makaneko_Taiwan)

訂閱杏仁ミル的頻道◆よければチャンネル登録おねがいします
https://www.youtube.com/c/AnninMiruChannel

Twitter🌼 https://twitter.com/AnninMirudayo
Facebook🌼 https://www.facebook.com/AnninMirudayo/
マシュマロ(Q&A)🌼 http://bit.ly/2CDOdSL
Discord🌼 https://discord.miru.ml/

∞*:;;;;;;:*∞*:;;;;;;:*∞*:;;;;;:*∞*:;;;;;:*∞*:;;;;;:*∞*:;;;;∞*:;;;;∞*:;;;;∞",20,2020-04-03T04:00:21Z,PT25M37S,2d,hd,34664,1316,15,0,84,UCFahBR2wixu0xOex84bXFvg
19,vzRjfqbTovk,【Minecraft】超腹黑miru上線 ❕ 才沒有陷害  @【雙聲類】小光 @秀康Showcome   呢 ‼ ft.小光、秀康、柏慎,"#Vtuber #台灣Vtuber #虛擬Youtuber

麥塊超爆笑生存第二集 惡作劇小光跟秀康陷害他們掉到怪物洞!!

❒動画編集: 米堡(@Coldtime3) 
❒封面圖片: 馬卡貓(@Makaneko_Taiwan)
❒素材提供: 天空貓(@mn24681012)

[楽曲詳細情報・ダウンロード / information&download] https://dova-s.jp/bgm/play1792.html
　　　　　　／) 
　　 　　　/イ⋈ノフ
　　　　　(◍•ω•◍)   ＜コメント&高評価して頂けると嬉しいです🌼
- - - - - - - - - - - o- - - o- - - - - - - - - - - - - - - - - - - - - - - - - - - - -
∞*:;;;;;;:*∞*:;;;;;;:*∞*:;;;;;:*∞*:;;;;;:*∞*:;;;;;:*∞*:;;;;∞*:;;;;∞*:;;;;∞

❒LINE貼圖現正熱賣中: https://store.line.me/stickershop/product/7819626/
❒かわいいBGM提供: マカ猫ちゃん(@Makaneko_Taiwan)

訂閱杏仁ミル的頻道◆よければチャンネル登録おねがいします
https://www.youtube.com/c/AnninMiruChannel

Twitter🌼 https://twitter.com/AnninMirudayo
Facebook🌼 https://www.facebook.com/AnninMirudayo/
マシュマロ(Q&A)🌼 http://bit.ly/2CDOdSL
Discord🌼 https://discord.miru.ml/

∞*:;;;;;;:*∞*:;;;;;;:*∞*:;;;;;:*∞*:;;;;;:*∞*:;;;;;:*∞*:;;;;∞*:;;;;∞*:;;;;∞",20,2020-04-04T02:00:13Z,PT10M52S,2d,hd,205630,4989,59,0,542,UCFahBR2wixu0xOex84bXFvg
20,-2u3ZpGtrNw,混血妹子Miru的36D大改造㊙️日本購物節目中與主持人吵架㊙️【Virtual Cast】全日文中文字幕,"#Vtuber  #虛擬Youtuber #VirtualCast

吸取美少女的精華後成為巨乳的Miru㊙️㊙️㊙️


ツクモちゃんねる
https://www.youtube.com/channel/UCTywJFUSXUhi9McFFnZCHiw

メインMC：あねえるたん(@ane_il)
プレゼンター：つづらたん(@tsuzuratan99)
サポート：みゅみゅさん(@miyumiyuna5)



　　　　　　／) 
　　 　　　/イ⋈ノフ
　　　　　(◍•ω•◍)   ＜コメント&高評価して頂けると嬉しいです🌼
- - - - - - - - - - - o- - - o- - - - - - - - - - - - - - - - - - - - - - - - - - - - -
∞*:;;;;;;:*∞*:;;;;;;:*∞*:;;;;;:*∞*:;;;;;:*∞*:;;;;;:*∞*:;;;;∞*:;;;;∞*:;;;;∞

❒LINE貼圖現正熱賣中: https://store.line.me/stickershop/product/7819626/
❒かわいいBGM提供: マカ猫ちゃん(@Makaneko_Taiwan)

訂閱杏仁ミル的頻道◆よければチャンネル登録おねがいします
https://www.youtube.com/c/AnninMiruChannel

Twitter🌼 https://twitter.com/AnninMirudayo
Facebook🌼 https://www.facebook.com/AnninMirudayo/
マシュマロ(Q&A)🌼 http://bit.ly/2CDOdSL
Discord🌼 https://discord.miru.ml/

∞*:;;;;;;:*∞*:;;;;;;:*∞*:;;;;;:*∞*:;;;;;:*∞*:;;;;;:*∞*:;;;;∞*:;;;;∞*:;;;;∞",20,2020-03-29T02:00:00Z,PT11M3S,2d,hd,125292,4261,21,0,384,UCFahBR2wixu0xOex84bXFvg
21,glbsb3JTpT0,【咪嚕咪嚕杏期四】Miru與愉快的好夥伴們 VR遊戲體驗營 ft.小光、雪兔、羽毛、阿神、鬼鬼、邦妮、毛毛,"#Vtuber #台灣Vtuber #虛擬Youtuber

咪嚕咪嚕杏期四
今天有好多客人來找Miru呢!! 虛擬世界可以通過VR裝置做連接是不是很酷啊

歡迎追蹤咪嚕的Yahoo TV頻道唷!
❒Yahoo TV 頻道: https://tw.tv.yahoo.com/AnninMiru


❒Special Thanks: 
3Dmodel▶ネコアシさん
Design▶マカ猫さん
Logo▶柊涼さん

❒LINE貼圖現正熱賣中: https://store.line.me/stickershop/product/7819626/
❒ミル周邊熱賣中: https://annin-miru.booth.pm/
❒かわいいBGM提供: マカ猫ちゃん(@Makaneko_Taiwan)
                                       山田タ朗（@yamadataroVT）

　　　　　　／) 
　　 　　　/イ⋈ノフ
　　　　　(◍•ω•◍)   ＜コメント&高評価して頂けると嬉しいです🌼
- - - - - - - - - - - o- - - o- - - - - - - - - - - - - - - - - - - - - - - - - - - - -
∞*:;;;;;;:*∞*:;;;;;;:*∞*:;;;;;:*∞*:;;;;;:*∞*:;;;;;:*∞*:;;;;∞*:;;;;∞*:;;;;∞


訂閱杏仁ミル的頻道◆よければチャンネル登録おねがいします
https://www.youtube.com/channel/UCFahBR2wixu0xOex84bXFvg


Twitter🌼 https://twitter.com/AnninMirudayo
Facebook🌼 https://www.facebook.com/AnninMirudayo/
マシュマロ(Q&A)🌼 http://bit.ly/2CDOdSL
Discord🌼 https://discord.miru.ml/
Support the stream: https://streamlabs.com/杏仁ミル
Multistreaming with https://restream.io/


∞*:;;;;;;:*∞*:;;;;;;:*∞*:;;;;;:*∞*:;;;;;:*∞*:;;;;;:*∞*:;;;;∞*:;;;;∞*:;;;;∞

「咪嚕的煩惱相談室」

歡迎寄信或給咪嚕的話都可以寄到以下地址🌼
台北市南港區三重路66號14樓 
媒體部 咪嚕咪嚕杏期四節目收
聯絡電話：02-23602888",20,2020-03-26T13:49:22Z,PT2H2M50S,2d,hd,108519,3167,28,0,150,UCFahBR2wixu0xOex84bXFvg
22,T7HURQ4ED9k,【宅女舞蹈挑戰】國小生必跳國民健康操! 宅女崩潰跟不上拍子,"#Vtuber #台灣Vtuber #虛擬Youtuber

咪嚕的舞蹈細胞大概早在出生前就消失殆盡了(;´Д｀)
不知道杏眾們有沒有發現片尾換新的了呢! 歡迎留言告訴咪嚕感想唷!!

　　　　　　／) 
　　 　　　/イ⋈ノフ
　　　　　(◍•ω•◍)   ＜コメント&高評価して頂けると嬉しいです🌼
- - - - - - - - - - - o- - - o- - - - - - - - - - - - - - - - - - - - - - - - - - - - -
∞*:;;;;;;:*∞*:;;;;;;:*∞*:;;;;;:*∞*:;;;;;:*∞*:;;;;;:*∞*:;;;;∞*:;;;;∞*:;;;;∞

❒LINE貼圖現正熱賣中: https://store.line.me/stickershop/product/7819626/
❒かわいいBGM提供: マカ猫ちゃん(@Makaneko_Taiwan)

訂閱杏仁ミル的頻道◆よければチャンネル登録おねがいします
https://www.youtube.com/c/AnninMiruChannel

Twitter🌼 https://twitter.com/AnninMirudayo
Facebook🌼 https://www.facebook.com/AnninMirudayo/
マシュマロ(Q&A)🌼 http://bit.ly/2CDOdSL
Discord🌼 https://discord.miru.ml/

∞*:;;;;;;:*∞*:;;;;;;:*∞*:;;;;;:*∞*:;;;;;:*∞*:;;;;;:*∞*:;;;;∞*:;;;;∞*:;;;;∞",22,2020-03-15T09:00:12Z,PT5M57S,2d,hd,92991,4823,39,0,848,UCFahBR2wixu0xOex84bXFvg
23,0zJEvHH_T24,廢宅女友的體適能測驗【史上最慘成績】800公尺跑到往生💦,"#Vtuber #台灣Vtuber #虛擬Youtuber

千萬不要逼迫廢宅女友動起來( ´;ω;` )

　　　　　　／) 
　　 　　　/イ⋈ノフ
　　　　　(◍•ω•◍)   ＜コメント&高評価して頂けると嬉しいです🌼
- - - - - - - - - - - o- - - o- - - - - - - - - - - - - - - - - - - - - - - - - - - - -
∞*:;;;;;;:*∞*:;;;;;;:*∞*:;;;;;:*∞*:;;;;;:*∞*:;;;;;:*∞*:;;;;∞*:;;;;∞*:;;;;∞

❒LINE貼圖現正熱賣中: https://store.line.me/stickershop/product/7819626/
❒かわいいBGM提供: マカ猫ちゃん(@Makaneko_Taiwan)

訂閱杏仁ミル的頻道◆よければチャンネル登録おねがいします
https://www.youtube.com/c/AnninMiruChannel

Twitter🌼 https://twitter.com/AnninMirudayo
Facebook🌼 https://www.facebook.com/AnninMirudayo/
マシュマロ(Q&A)🌼 http://bit.ly/2CDOdSL
Discord🌼 https://discord.miru.ml/

∞*:;;;;;;:*∞*:;;;;;;:*∞*:;;;;;:*∞*:;;;;;:*∞*:;;;;;:*∞*:;;;;∞*:;;;;∞*:;;;;∞",22,2020-03-22T02:00:12Z,PT6M9S,2d,hd,147751,6045,51,0,989,UCFahBR2wixu0xOex84bXFvg
24,dAhMrr3QkFU,實況中大量斗內尬廣🌟Miru笑到壞掉發瘋【實況精華】ft.@秀康Showcome @玩捏Now-柏慎 @【雙聲類】小光,"#Vtuber #台灣Vtuber #虛擬Youtuber

杏眾們尬廣斗內不手軟!!!!!!!

❒動画編集: 米堡(@Coldtime3) 

[楽曲詳細情報・ダウンロード / information&download]
　https://dova-s.jp/bgm/play12262.html

　　　　　　／) 
　　 　　　/イ⋈ノフ
　　　　　(◍•ω•◍)   ＜コメント&高評価して頂けると嬉しいです🌼
- - - - - - - - - - - o- - - o- - - - - - - - - - - - - - - - - - - - - - - - - - - - -
∞*:;;;;;;:*∞*:;;;;;;:*∞*:;;;;;:*∞*:;;;;;:*∞*:;;;;;:*∞*:;;;;∞*:;;;;∞*:;;;;∞

❒LINE貼圖現正熱賣中: https://store.line.me/stickershop/product/7819626/
❒かわいいBGM提供: マカ猫ちゃん(@Makaneko_Taiwan)

訂閱杏仁ミル的頻道◆よければチャンネル登録おねがいします
https://www.youtube.com/c/AnninMiruChannel

Twitter🌼 https://twitter.com/AnninMirudayo
Facebook🌼 https://www.facebook.com/AnninMirudayo/
マシュマロ(Q&A)🌼 http://bit.ly/2CDOdSL
Discord🌼 https://discord.miru.ml/

∞*:;;;;;;:*∞*:;;;;;;:*∞*:;;;;;:*∞*:;;;;;:*∞*:;;;;;:*∞*:;;;;∞*:;;;;∞*:;;;;∞",20,2020-03-14T02:00:13Z,PT7M38S,2d,hd,191493,6261,42,0,505,UCFahBR2wixu0xOex84bXFvg
25,OocRYQmpKkU,【咪嚕咪嚕杏期四】一日超萌咖啡店店長🌟VR小遊戲體驗,"#Vtuber #台灣Vtuber #虛擬Youtuber

MIRUCafé在虛擬世界開張囉!!! 超可愛店長上線!

「咪嚕的煩惱相談室」
歡迎寄信至🌼
台北市南港區三重路66號14樓 
媒體部 咪嚕咪嚕杏期四節目收
聯絡電話：02-23602888

歡迎追蹤咪嚕的Yahoo TV頻道唷!
❒Yahoo TV 頻道: https://tw.tv.yahoo.com/AnninMiru


❒Special Thanks: 
3Dmodel▶ネコアシさん
Design▶マカ猫さん
Logo▶柊涼さん

❒LINE貼圖現正熱賣中: https://store.line.me/stickershop/product/7819626/
❒ミル周邊熱賣中: https://annin-miru.booth.pm/
❒かわいいBGM提供: マカ猫ちゃん(@Makaneko_Taiwan)
                                       山田タ朗（@yamadataroVT）

　　　　　　／) 
　　 　　　/イ⋈ノフ
　　　　　(◍•ω•◍)   ＜コメント&高評価して頂けると嬉しいです🌼
- - - - - - - - - - - o- - - o- - - - - - - - - - - - - - - - - - - - - - - - - - - - -
∞*:;;;;;;:*∞*:;;;;;;:*∞*:;;;;;:*∞*:;;;;;:*∞*:;;;;;:*∞*:;;;;∞*:;;;;∞*:;;;;∞


訂閱杏仁ミル的頻道◆よければチャンネル登録おねがいします
https://www.youtube.com/channel/UCFahBR2wixu0xOex84bXFvg


Twitter🌼 https://twitter.com/AnninMirudayo
Facebook🌼 https://www.facebook.com/AnninMirudayo/
マシュマロ(Q&A)🌼 http://bit.ly/2CDOdSL
Discord🌼 https://discord.miru.ml/
Support the stream: https://streamlabs.com/杏仁ミル
Multistreaming with https://restream.io/


∞*:;;;;;;:*∞*:;;;;;;:*∞*:;;;;;:*∞*:;;;;;:*∞*:;;;;;:*∞*:;;;;∞*:;;;;∞*:;;;;∞


カラオケ歌っちゃ王
https://www.youtube.com/channel/UC1tk9F5-MGXEq4LWnjmrtpA

カラオケ再現所@KEISUKEO.
https://www.youtube.com/channel/UCUo8aHsNE4__8ZUxAmdhqLA",20,2020-03-12T13:17:03Z,PT1H13S,2d,hd,46045,1576,16,0,76,UCFahBR2wixu0xOex84bXFvg
26,dzNjVl0QcPs,Miru的一日女僕餐廳初體驗💖小光主人雪兔主人和杏眾歡迎歸宅! ft.@【雙聲類】小光 @雪兔,"#Vtuber #台灣Vtuber #虛擬Youtuber

miru在月讀女僕咖啡廳擔任女僕! 居然有Youtuber歸宅來找Miru!!

　　　　　　／) 
　　 　　　/イ⋈ノフ
　　　　　(◍•ω•◍)   ＜コメント&高評価して頂けると嬉しいです🌼
- - - - - - - - - - - o- - - o- - - - - - - - - - - - - - - - - - - - - - - - - - - - -
∞*:;;;;;;:*∞*:;;;;;;:*∞*:;;;;;:*∞*:;;;;;:*∞*:;;;;;:*∞*:;;;;∞*:;;;;∞*:;;;;∞

❒LINE貼圖現正熱賣中: https://store.line.me/stickershop/product/7819626/
❒かわいいBGM提供: マカ猫ちゃん(@Makaneko_Taiwan)

訂閱杏仁ミル的頻道◆よければチャンネル登録おねがいします
https://www.youtube.com/c/AnninMiruChannel

Twitter🌼 https://twitter.com/AnninMirudayo
Facebook🌼 https://www.facebook.com/AnninMirudayo/
マシュマロ(Q&A)🌼 http://bit.ly/2CDOdSL
Discord🌼 https://discord.miru.ml/

∞*:;;;;;;:*∞*:;;;;;;:*∞*:;;;;;:*∞*:;;;;;:*∞*:;;;;;:*∞*:;;;;∞*:;;;;∞*:;;;;∞",20,2020-03-08T02:00:05Z,PT11M17S,2d,hd,303754,9926,102,0,517,UCFahBR2wixu0xOex84bXFvg
27,3Z3vPgpzTkw,【Minecraft】最恐病毒感染Miru!! 💥嚴重感染將會自爆💥ft. 阿神、羽毛、小光、秀康、雪兔,"#Vtuber #台灣Vtuber #虛擬Youtuber

被感染者將會變成殺人魔!! 到底誰才可以生存下來?!
超刺激麥塊小遊戲!

❒影片剪輯: Meko(@vtuber_meko)

　　　　　　／) 
　　 　　　/イ⋈ノフ
　　　　　(◍•ω•◍)   ＜コメント&高評価して頂けると嬉しいです🌼
- - - - - - - - - - - o- - - o- - - - - - - - - - - - - - - - - - - - - - - - - - - - -
∞*:;;;;;;:*∞*:;;;;;;:*∞*:;;;;;:*∞*:;;;;;:*∞*:;;;;;:*∞*:;;;;∞*:;;;;∞*:;;;;∞

❒LINE貼圖現正熱賣中: https://store.line.me/stickershop/product/7819626/
❒かわいいBGM提供: マカ猫ちゃん(@Makaneko_Taiwan)

訂閱杏仁ミル的頻道◆よければチャンネル登録おねがいします
https://www.youtube.com/c/AnninMiruChannel

Twitter🌼 https://twitter.com/AnninMirudayo
Facebook🌼 https://www.facebook.com/AnninMirudayo/
マシュマロ(Q&A)🌼 http://bit.ly/2CDOdSL
Discord🌼 https://discord.miru.ml/

∞*:;;;;;;:*∞*:;;;;;;:*∞*:;;;;;:*∞*:;;;;;:*∞*:;;;;;:*∞*:;;;;∞*:;;;;∞*:;;;;∞",20,2020-03-04T09:00:00Z,PT16M28S,2d,hd,229385,6679,83,0,290,UCFahBR2wixu0xOex84bXFvg
28,j-F3KgK_xjM,午後的音癡唱歌time,"#Vtuber #台灣Vtuber #虛擬Youtuber

唱一下


❒LINE貼圖現正熱賣中: https://store.line.me/stickershop/product/7819626/
❒ミル周邊熱賣中: https://annin-miru.booth.pm/
❒かわいいBGM提供: マカ猫ちゃん(@Makaneko_Taiwan)
                                       山田タ朗（@yamadataroVT）

　　　　　　／) 
　　 　　　/イ⋈ノフ
　　　　　(◍•ω•◍)   ＜コメント&高評価して頂けると嬉しいです🌼
- - - - - - - - - - - o- - - o- - - - - - - - - - - - - - - - - - - - - - - - - - - - -
∞*:;;;;;;:*∞*:;;;;;;:*∞*:;;;;;:*∞*:;;;;;:*∞*:;;;;;:*∞*:;;;;∞*:;;;;∞*:;;;;∞

❒Special Thanks: 
3Dmodel▶ネコアシさん
Design▶マカ猫さん
Logo▶柊涼さん


訂閱杏仁ミル的頻道◆よければチャンネル登録おねがいします
https://www.youtube.com/channel/UCFahBR2wixu0xOex84bXFvg


Twitter🌼 https://twitter.com/AnninMirudayo
Facebook🌼 https://www.facebook.com/AnninMirudayo/
マシュマロ(Q&A)🌼 http://bit.ly/2CDOdSL
Discord🌼 https://discord.miru.ml/
Support the stream: https://streamlabs.com/杏仁ミル
Multistreaming with https://restream.io/


∞*:;;;;;;:*∞*:;;;;;;:*∞*:;;;;;:*∞*:;;;;;:*∞*:;;;;;:*∞*:;;;;∞*:;;;;∞*:;;;;∞


カラオケ歌っちゃ王
https://www.youtube.com/channel/UC1tk9F5-MGXEq4LWnjmrtpA

カラオケ再現所@KEISUKEO.
https://www.youtube.com/channel/UCUo8aHsNE4__8ZUxAmdhqLA",24,2020-03-30T09:27:23Z,PT1H40M58S,2d,hd,53833,2269,20,0,190,UCFahBR2wixu0xOex84bXFvg
29,UsR-rui0upc,【咪嚕咪嚕杏期四】miru的煩惱相談室第二季,"#Vtuber #台灣Vtuber #虛擬Youtuber
今天是
咪嚕咪嚕杏期四-拆信封回

謝謝杏眾踴躍的寄信，咪嚕覺得很開心(っ* `ω´ c)!!
咪嚕會好好回信給大家的!

「咪嚕的煩惱相談室」
歡迎寄信至🌼
台北市南港區三重路66號14樓 
媒體部 咪嚕咪嚕杏期四節目收
聯絡電話：02-23602888

歡迎追蹤咪嚕的Yahoo TV頻道唷!
❒Yahoo TV 頻道: https://tw.tv.yahoo.com/AnninMiru



❒Special Thanks: 
3Dmodel▶ネコアシさん
Design▶マカ猫さん
Logo▶柊涼さん

❒LINE貼圖現正熱賣中: https://store.line.me/stickershop/product/7819626/
❒ミル周邊熱賣中: https://annin-miru.booth.pm/
❒かわいいBGM提供: マカ猫ちゃん(@Makaneko_Taiwan)
                                       山田タ朗（@yamadataroVT）

　　　　　　／) 
　　 　　　/イ⋈ノフ
　　　　　(◍•ω•◍)   ＜コメント&高評価して頂けると嬉しいです🌼
- - - - - - - - - - - o- - - o- - - - - - - - - - - - - - - - - - - - - - - - - - - - -
∞*:;;;;;;:*∞*:;;;;;;:*∞*:;;;;;:*∞*:;;;;;:*∞*:;;;;;:*∞*:;;;;∞*:;;;;∞*:;;;;∞


訂閱杏仁ミル的頻道◆よければチャンネル登録おねがいします
https://www.youtube.com/channel/UCFahBR2wixu0xOex84bXFvg


Twitter🌼 https://twitter.com/AnninMirudayo
Facebook🌼 https://www.facebook.com/AnninMirudayo/
マシュマロ(Q&A)🌼 http://bit.ly/2CDOdSL
Discord🌼 https://discord.miru.ml/
Support the stream: https://streamlabs.com/杏仁ミル
Multistreaming with https://restream.io/


∞*:;;;;;;:*∞*:;;;;;;:*∞*:;;;;;:*∞*:;;;;;:*∞*:;;;;;:*∞*:;;;;∞*:;;;;∞*:;;;;∞


カラオケ歌っちゃ王
https://www.youtube.com/channel/UC1tk9F5-MGXEq4LWnjmrtpA

カラオケ再現所@KEISUKEO.
https://www.youtube.com/channel/UCUo8aHsNE4__8ZUxAmdhqLA",22,2020-02-27T13:18:54Z,PT1H1M45S,2d,hd,46341,1901,14,0,80,UCFahBR2wixu0xOex84bXFvg
30,FzaBLtFTF-Q,【寂靜中的吶喊】 呆萌妹子狂呼成龍miru笑翻回答不出來,"#Vtuber #台灣Vtuber #虛擬Youtuber

奧莉絲跟miru兩個虛擬美少女要挑戰新西遊記經典遊戲【寂靜中的吶喊】
到底會有甚麼樣的爆笑反應呢!?

奧莉絲
❒Youtube:  youtube.com/Orith
❒Twitter: @orithlog

　　　　　　／) 
　　 　　　/イ⋈ノフ
　　　　　(◍•ω•◍)   ＜コメント&高評価して頂けると嬉しいです🌼
- - - - - - - - - - - o- - - o- - - - - - - - - - - - - - - - - - - - - - - - - - - - -
∞*:;;;;;;:*∞*:;;;;;;:*∞*:;;;;;:*∞*:;;;;;:*∞*:;;;;;:*∞*:;;;;∞*:;;;;∞*:;;;;∞

❒LINE貼圖現正熱賣中: https://store.line.me/stickershop/product/7819626/
❒かわいいBGM提供: マカ猫ちゃん(@Makaneko_Taiwan)

訂閱杏仁ミル的頻道◆よければチャンネル登録おねがいします
https://www.youtube.com/c/AnninMiruChannel

Twitter🌼 https://twitter.com/AnninMirudayo
Facebook🌼 https://www.facebook.com/AnninMirudayo/
マシュマロ(Q&A)🌼 http://bit.ly/2CDOdSL
Discord🌼 https://discord.miru.ml/

∞*:;;;;;;:*∞*:;;;;;;:*∞*:;;;;;:*∞*:;;;;;:*∞*:;;;;;:*∞*:;;;;∞*:;;;;∞*:;;;;∞",22,2020-02-24T03:00:13Z,PT10M52S,2d,sd,155660,5609,58,0,559,UCFahBR2wixu0xOex84bXFvg
31,cAcudGVAghY,【Minecraft超爆笑生存】 @【雙聲類】小光  招牌噴水雞肉飯🌟Miru的粉絲見面會?精華 ft.小光、柏慎、秀康,"#Vtuber #台灣Vtuber #虛擬Youtuber

miru的粉絲見面會! 要記得遵守秩序排隊唷!

❒影片剪輯: 米堡(@Coldtime3)
❒素材提供: 天空貓(@mn24681012)

[楽曲詳細情報・ダウンロード / information&download] 
https://dova-s.jp/bgm/play1997.html



　　　　　　／) 
　　 　　　/イ⋈ノフ
　　　　　(◍•ω•◍)   ＜コメント&高評価して頂けると嬉しいです🌼
- - - - - - - - - - - o- - - o- - - - - - - - - - - - - - - - - - - - - - - - - - - - -
∞*:;;;;;;:*∞*:;;;;;;:*∞*:;;;;;:*∞*:;;;;;:*∞*:;;;;;:*∞*:;;;;∞*:;;;;∞*:;;;;∞

❒LINE貼圖現正熱賣中: https://store.line.me/stickershop/product/7819626/
❒かわいいBGM提供: マカ猫ちゃん(@Makaneko_Taiwan)

訂閱杏仁ミル的頻道◆よければチャンネル登録おねがいします
https://www.youtube.com/c/AnninMiruChannel

Twitter🌼 https://twitter.com/AnninMirudayo
Facebook🌼 https://www.facebook.com/AnninMirudayo/
マシュマロ(Q&A)🌼 http://bit.ly/2CDOdSL
Discord🌼 https://discord.miru.ml/

∞*:;;;;;;:*∞*:;;;;;;:*∞*:;;;;;:*∞*:;;;;;:*∞*:;;;;;:*∞*:;;;;∞*:;;;;∞*:;;;;∞",20,2020-02-28T09:00:11Z,PT11M22S,2d,hd,305370,6563,84,0,358,UCFahBR2wixu0xOex84bXFvg
32,KzbjbZdEjAg,【咪嚕咪嚕杏期四】10萬訂閱Q&A與杏眾開聊！,"#Vtuber #台灣Vtuber #虛擬Youtuber
咪嚕咪嚕杏期四! 
感謝杏眾的支持! 咪嚕突破10萬訂閱啦!!!

「咪嚕的煩惱相談室」
歡迎寄信至🌼
台北市南港區三重路66號14樓 
　　媒體部 咪嚕咪嚕杏期四節目收

歡迎追蹤咪嚕的Yahoo TV頻道唷!
❒Yahoo TV 頻道: https://tw.tv.yahoo.com/AnninMiru



❒Special Thanks: 
3Dmodel▶ネコアシさん
Design▶マカ猫さん
Logo▶柊涼さん

❒LINE貼圖現正熱賣中: https://store.line.me/stickershop/product/7819626/
❒ミル周邊熱賣中: https://annin-miru.booth.pm/
❒かわいいBGM提供: マカ猫ちゃん(@Makaneko_Taiwan)
                                       山田タ朗（@yamadataroVT）

　　　　　　／) 
　　 　　　/イ⋈ノフ
　　　　　(◍•ω•◍)   ＜コメント&高評価して頂けると嬉しいです🌼
- - - - - - - - - - - o- - - o- - - - - - - - - - - - - - - - - - - - - - - - - - - - -
∞*:;;;;;;:*∞*:;;;;;;:*∞*:;;;;;:*∞*:;;;;;:*∞*:;;;;;:*∞*:;;;;∞*:;;;;∞*:;;;;∞


訂閱杏仁ミル的頻道◆よければチャンネル登録おねがいします
https://www.youtube.com/channel/UCFahBR2wixu0xOex84bXFvg


Twitter🌼 https://twitter.com/AnninMirudayo
Facebook🌼 https://www.facebook.com/AnninMirudayo/
マシュマロ(Q&A)🌼 http://bit.ly/2CDOdSL
Discord🌼 https://discord.miru.ml/
Support the stream: https://streamlabs.com/杏仁ミル
Multistreaming with https://restream.io/


∞*:;;;;;;:*∞*:;;;;;;:*∞*:;;;;;:*∞*:;;;;;:*∞*:;;;;;:*∞*:;;;;∞*:;;;;∞*:;;;;∞


カラオケ歌っちゃ王
https://www.youtube.com/channel/UC1tk9F5-MGXEq4LWnjmrtpA

カラオケ再現所@KEISUKEO.
https://www.youtube.com/channel/UCUo8aHsNE4__8ZUxAmdhqLA",24,2020-02-20T13:59:52Z,PT1H3M31S,2d,hd,95689,4013,43,0,431,UCFahBR2wixu0xOex84bXFvg
33,iD4dfGbVXgo,おじゃま虫 - Cover by 杏仁ミル【歌ってみた】,"#Vtuber #台灣Vtuber #虛擬Youtuber

「すき」って言って。

❑本家┄初音ミク『おじゃま虫』
    作詞・作曲：DECO*27
　Arrangemen：kous
　原曲：https://youtu.be/wv2P0PLz9fw

　　　　　　／) 
　　 　　　/イ⋈ノフ
　　　　　(◍•ω•◍)   ＜コメント&高評価して頂けると嬉しいです🌼
- - - - - - - - - - - o- - - o- - - - - - - - - - - - - - - - - - - - - - - - - - - - -
∞*:;;;;;;:*∞*:;;;;;;:*∞*:;;;;;:*∞*:;;;;;:*∞*:;;;;;:*∞*:;;;;∞*:;;;;∞*:;;;;∞

❒LINE貼圖現正熱賣中: https://store.line.me/stickershop/product/7819626/
❒かわいいBGM提供: マカ猫ちゃん(@Makaneko_Taiwan)

訂閱杏仁ミル的頻道◆よければチャンネル登録おねがいします
https://www.youtube.com/c/AnninMiruChannel

Twitter🌼 https://twitter.com/AnninMirudayo
Facebook🌼 https://www.facebook.com/AnninMirudayo/
マシュマロ(Q&A)🌼 http://bit.ly/2CDOdSL
Discord🌼 https://discord.miru.ml/

∞*:;;;;;;:*∞*:;;;;;;:*∞*:;;;;;:*∞*:;;;;;:*∞*:;;;;;:*∞*:;;;;∞*:;;;;∞*:;;;;∞",10,2020-02-17T09:00:17Z,PT3M41S,2d,hd,98813,4483,29,0,377,UCFahBR2wixu0xOex84bXFvg
34,YFWVBOyyR48,【咪嚕咪嚕杏期四】情人節香香前夜祭! 咪兔?兔咪? 請問您選哪一邊! ft.兎姫,"#Vtuber #台灣Vtuber #虛擬Youtuber
咪嚕咪嚕杏期四! 
今天邀請到兔姬老師!! 
在一邊和咪嚕聊天之餘兔姬老師還會一邊畫畫!! 一個畫面雙重享受!!

特別來賓: 兔姬老師

兔姬老師
推特：https://twitter.com/kuroxusagihime
粉絲團：https://www.facebook.com/usagihime777/
Pixiv：https://www.pixiv.net/users/266106

伴奏: 虎妮 (貝塔醬)
推特：https://twitter.com/hooniefriends
粉絲團：https://www.facebook.com/hoonie.friends
頻道：https://www.youtube.com/c/Hooniefriends

歡迎追蹤咪嚕的Yahoo TV頻道唷!
❒Yahoo TV 頻道: https://tw.tv.yahoo.com/AnninMiru



❒Special Thanks: 
3Dmodel▶ネコアシさん
Design▶マカ猫さん
Logo▶柊涼さん

❒LINE貼圖現正熱賣中: https://store.line.me/stickershop/product/7819626/
❒ミル周邊熱賣中: https://annin-miru.booth.pm/
❒かわいいBGM提供: マカ猫ちゃん(@Makaneko_Taiwan)
                                       山田タ朗（@yamadataroVT）

　　　　　　／) 
　　 　　　/イ⋈ノフ
　　　　　(◍•ω•◍)   ＜コメント&高評価して頂けると嬉しいです🌼
- - - - - - - - - - - o- - - o- - - - - - - - - - - - - - - - - - - - - - - - - - - - -
∞*:;;;;;;:*∞*:;;;;;;:*∞*:;;;;;:*∞*:;;;;;:*∞*:;;;;;:*∞*:;;;;∞*:;;;;∞*:;;;;∞


訂閱杏仁ミル的頻道◆よければチャンネル登録おねがいします
https://www.youtube.com/channel/UCFahBR2wixu0xOex84bXFvg


Twitter🌼 https://twitter.com/AnninMirudayo
Facebook🌼 https://www.facebook.com/AnninMirudayo/
マシュマロ(Q&A)🌼 http://bit.ly/2CDOdSL
Discord🌼 https://discord.miru.ml/
Support the stream: https://streamlabs.com/杏仁ミル
Multistreaming with https://restream.io/


∞*:;;;;;;:*∞*:;;;;;;:*∞*:;;;;;:*∞*:;;;;;:*∞*:;;;;;:*∞*:;;;;∞*:;;;;∞*:;;;;∞


カラオケ歌っちゃ王
https://www.youtube.com/channel/UC1tk9F5-MGXEq4LWnjmrtpA

カラオケ再現所@KEISUKEO.
https://www.youtube.com/channel/UCUo8aHsNE4__8ZUxAmdhqLA",24,2020-02-13T14:13:37Z,PT1H28M17S,2d,sd,85193,2417,27,0,157,UCFahBR2wixu0xOex84bXFvg
35,8M9Uw7QQQIs,【JOYSOUND】miru的一日偶像系列,"#Vtuber #台灣Vtuber #虛擬Youtuber

AR全新技術的LIVE演出!! 閃亮耀眼的愛之雨要不要來首安可曲?

❒LINE貼圖現正熱賣中: https://store.line.me/stickershop/product/7819626/
❒ミル周邊熱賣中: https://annin-miru.booth.pm/
❒かわいいBGM提供: マカ猫ちゃん(@Makaneko_Taiwan)
                                       山田タ朗（@yamadataroVT）

　　　　　　／) 
　　 　　　/イ⋈ノフ
　　　　　(◍•ω•◍)   ＜コメント&高評価して頂けると嬉しいです🌼
- - - - - - - - - - - o- - - o- - - - - - - - - - - - - - - - - - - - - - - - - - - - -
∞*:;;;;;;:*∞*:;;;;;;:*∞*:;;;;;:*∞*:;;;;;:*∞*:;;;;;:*∞*:;;;;∞*:;;;;∞*:;;;;∞


訂閱杏仁ミル的頻道◆よければチャンネル登録おねがいします
https://www.youtube.com/channel/UCFahBR2wixu0xOex84bXFvg


Twitter🌼 https://twitter.com/AnninMirudayo
Facebook🌼 https://www.facebook.com/AnninMirudayo/
マシュマロ(Q&A)🌼 http://bit.ly/2CDOdSL
Discord🌼 https://discord.miru.ml/
Support the stream: https://streamlabs.com/杏仁ミル
Multistreaming with https://restream.io/


∞*:;;;;;;:*∞*:;;;;;;:*∞*:;;;;;:*∞*:;;;;;:*∞*:;;;;;:*∞*:;;;;∞*:;;;;∞*:;;;;∞

❒Special Thanks: 
3Dmodel▶ネコアシさん
Design▶マカ猫さん
Logo▶柊涼さん",24,2020-02-12T13:39:21Z,PT1H20S,2d,sd,69889,2651,22,0,222,UCFahBR2wixu0xOex84bXFvg
36,dN_kXnS3VTs,【Virtual Cast】來自異世界的虛擬貓耳美少女miru #バーチャルキャスト,"#Vtuber #台灣Vtuber #虛擬Youtuber

今晚的直播要來玩玩virtual cast，
杏眾們可以在推特的推文裡加上 「#ミル3D」 標籤，把想說的話傳給咪嚕喔!

❒LINE貼圖現正熱賣中: https://store.line.me/stickershop/product/7819626/
❒ミル周邊熱賣中: https://annin-miru.booth.pm/
❒かわいいBGM提供: マカ猫ちゃん(@Makaneko_Taiwan)
                                       山田タ朗（@yamadataroVT）

　　　　　　／) 
　　 　　　/イ⋈ノフ
　　　　　(◍•ω•◍)   ＜コメント&高評価して頂けると嬉しいです🌼
- - - - - - - - - - - o- - - o- - - - - - - - - - - - - - - - - - - - - - - - - - - - -
∞*:;;;;;;:*∞*:;;;;;;:*∞*:;;;;;:*∞*:;;;;;:*∞*:;;;;;:*∞*:;;;;∞*:;;;;∞*:;;;;∞


訂閱杏仁ミル的頻道◆よければチャンネル登録おねがいします
https://www.youtube.com/channel/UCFahBR2wixu0xOex84bXFvg


Twitter🌼 https://twitter.com/AnninMirudayo
Facebook🌼 https://www.facebook.com/AnninMirudayo/
マシュマロ(Q&A)🌼 http://bit.ly/2CDOdSL
Discord🌼 https://discord.miru.ml/
Support the stream: https://streamlabs.com/杏仁ミル
Multistreaming with https://restream.io/


∞*:;;;;;;:*∞*:;;;;;;:*∞*:;;;;;:*∞*:;;;;;:*∞*:;;;;;:*∞*:;;;;∞*:;;;;∞*:;;;;∞

❒Special Thanks: 
3Dmodel▶ネコアシさん
Design▶マカ猫さん
Logo▶柊涼さん",24,2020-02-11T13:32:32Z,PT1H13S,2d,hd,91154,2809,23,0,246,UCFahBR2wixu0xOex84bXFvg
37,KovPo5SIwfI,繼釘宮病之後最強杏仁miru病毒降臨【巴哈姆特23周年站聚】杏眾朝拜🌟,"#Vtuber #台灣Vtuber #虛擬Youtuber

12.28，12.29在花博舉辦的巴哈姆特23周年站聚
Vtuber攤位中miru跟杏眾的互動全收錄!!

　　　　　　／) 
　　 　　　/イ⋈ノフ
　　　　　(◍•ω•◍)   ＜コメント&高評価して頂けると嬉しいです🌼
- - - - - - - - - - - o- - - o- - - - - - - - - - - - - - - - - - - - - - - - - - - - -
∞*:;;;;;;:*∞*:;;;;;;:*∞*:;;;;;:*∞*:;;;;;:*∞*:;;;;;:*∞*:;;;;∞*:;;;;∞*:;;;;∞

❒LINE貼圖現正熱賣中: https://store.line.me/stickershop/product/7819626/
❒かわいいBGM提供: マカ猫ちゃん(@Makaneko_Taiwan)

訂閱杏仁ミル的頻道◆よければチャンネル登録おねがいします
https://www.youtube.com/c/AnninMiruChannel

Twitter🌼 https://twitter.com/AnninMirudayo
Facebook🌼 https://www.facebook.com/AnninMirudayo/
マシュマロ(Q&A)🌼 http://bit.ly/2CDOdSL
Discord🌼 https://discord.miru.ml/

∞*:;;;;;;:*∞*:;;;;;;:*∞*:;;;;;:*∞*:;;;;;:*∞*:;;;;;:*∞*:;;;;∞*:;;;;∞*:;;;;∞",24,2020-02-08T02:00:00Z,PT10M30S,2d,hd,135910,4885,33,0,597,UCFahBR2wixu0xOex84bXFvg
38,LW27LjCYCQE,【黑相集】當miru的女朋友變成恐怖情人?! 阿神弟弟神救援! part.2,"#Vtuber #台灣Vtuber #虛擬Youtuber

這次咪嚕扮演要求婚的哥哥、阿神是咪嚕的弟弟
弟弟卻一直想要拆散哥哥與女朋友!?

❒動画編集: 米堡(@Coldtime3) 

　　　　　　／) 
　　 　　　/イ⋈ノフ
　　　　　(◍•ω•◍)   ＜コメント&高評価して頂けると嬉しいです🌼
- - - - - - - - - - - o- - - o- - - - - - - - - - - - - - - - - - - - - - - - - - - - -
∞*:;;;;;;:*∞*:;;;;;;:*∞*:;;;;;:*∞*:;;;;;:*∞*:;;;;;:*∞*:;;;;∞*:;;;;∞*:;;;;∞

❒LINE貼圖現正熱賣中: https://store.line.me/stickershop/product/7819626/
❒かわいいBGM提供: マカ猫ちゃん(@Makaneko_Taiwan)

訂閱杏仁ミル的頻道◆よければチャンネル登録おねがいします
https://www.youtube.com/c/AnninMiruChannel

Twitter🌼 https://twitter.com/AnninMirudayo
Facebook🌼 https://www.facebook.com/AnninMirudayo/
マシュマロ(Q&A)🌼 http://bit.ly/2CDOdSL
Discord🌼 https://discord.miru.ml/

∞*:;;;;;;:*∞*:;;;;;;:*∞*:;;;;;:*∞*:;;;;;:*∞*:;;;;;:*∞*:;;;;∞*:;;;;∞*:;;;;∞",20,2020-02-10T03:00:02Z,PT31M47S,2d,hd,59814,1580,22,0,128,UCFahBR2wixu0xOex84bXFvg
39,ND5y9Asv2TM,恐怖解謎遊戲LIMBO 【miru的實況精華】死亡尖叫合集 part.1,"#Vtuber #台灣Vtuber #虛擬Youtuber

※音量注意※
內有大量咪嚕尖叫發狂畫面請小心食用

❒動畫編輯: Meko(@vtuber_meko)

　　　　　　／) 
　　 　　　/イ⋈ノフ
　　　　　(◍•ω•◍)   ＜コメント&高評価して頂けると嬉しいです🌼
- - - - - - - - - - - o- - - o- - - - - - - - - - - - - - - - - - - - - - - - - - - - -
∞*:;;;;;;:*∞*:;;;;;;:*∞*:;;;;;:*∞*:;;;;;:*∞*:;;;;;:*∞*:;;;;∞*:;;;;∞*:;;;;∞

❒LINE貼圖現正熱賣中: https://store.line.me/stickershop/product/7819626/
❒かわいいBGM提供: マカ猫ちゃん(@Makaneko_Taiwan)

訂閱杏仁ミル的頻道◆よければチャンネル登録おねがいします
https://www.youtube.com/c/AnninMiruChannel

Twitter🌼 https://twitter.com/AnninMirudayo
Facebook🌼 https://www.facebook.com/AnninMirudayo/
マシュマロ(Q&A)🌼 http://bit.ly/2CDOdSL
Discord🌼 https://discord.miru.ml/

∞*:;;;;;;:*∞*:;;;;;;:*∞*:;;;;;:*∞*:;;;;;:*∞*:;;;;;:*∞*:;;;;∞*:;;;;∞*:;;;;∞",20,2020-02-09T09:30:00Z,PT10M1S,2d,hd,98804,3046,30,0,352,UCFahBR2wixu0xOex84bXFvg
40,e6PNCaaDfYA,【黑相集】被阿神騙去玩恐怖遊戲!? 少女大哭 ft.阿神,"#Vtuber #台灣Vtuber #虛擬Youtuber

咪嚕本來以為是劇情遊戲...! 殊不知!!!?

❒動画編集: 米堡(@Coldtime3) 

　　　　　　／) 
　　 　　　/イ⋈ノフ
　　　　　(◍•ω•◍)   ＜コメント&高評価して頂けると嬉しいです🌼
- - - - - - - - - - - o- - - o- - - - - - - - - - - - - - - - - - - - - - - - - - - - -
∞*:;;;;;;:*∞*:;;;;;;:*∞*:;;;;;:*∞*:;;;;;:*∞*:;;;;;:*∞*:;;;;∞*:;;;;∞*:;;;;∞

❒LINE貼圖現正熱賣中: https://store.line.me/stickershop/product/7819626/
❒かわいいBGM提供: マカ猫ちゃん(@Makaneko_Taiwan)

訂閱杏仁ミル的頻道◆よければチャンネル登録おねがいします
https://www.youtube.com/c/AnninMiruChannel

Twitter🌼 https://twitter.com/AnninMirudayo
Facebook🌼 https://www.facebook.com/AnninMirudayo/
マシュマロ(Q&A)🌼 http://bit.ly/2CDOdSL
Discord🌼 https://discord.miru.ml/

∞*:;;;;;;:*∞*:;;;;;;:*∞*:;;;;;:*∞*:;;;;;:*∞*:;;;;;:*∞*:;;;;∞*:;;;;∞*:;;;;∞",20,2020-02-01T02:00:03Z,PT23M50S,2d,hd,146264,4166,34,0,294,UCFahBR2wixu0xOex84bXFvg
41,PkbQHlIZs8c,【Project Winter】完美自刀狼最佳導演【雪山人狼殺】男主角到底是誰? Ft.阿神、羽毛、小光、秀康、柏慎、雪兔、哲平,"#Vtuber #台灣Vtuber #虛擬Youtuber

連死人都要騙的miru，到底能不能讓阿神活下來呢?

❒動画編集: 米堡(@Coldtime3) 

　　　　　　／) 
　　 　　　/イ⋈ノフ
　　　　　(◍•ω•◍)   ＜コメント&高評価して頂けると嬉しいです🌼
- - - - - - - - - - - o- - - o- - - - - - - - - - - - - - - - - - - - - - - - - - - - -
∞*:;;;;;;:*∞*:;;;;;;:*∞*:;;;;;:*∞*:;;;;;:*∞*:;;;;;:*∞*:;;;;∞*:;;;;∞*:;;;;∞

[楽曲詳細情報・ダウンロード / information&download]
　https://dova-s.jp/bgm/play4058.html

❒LINE貼圖現正熱賣中: https://store.line.me/stickershop/product/7819626/
❒ミル周邊熱賣中: https://annin-miru.booth.pm/
❒かわいいBGM提供: マカ猫ちゃん(@Makaneko_Taiwan)

訂閱杏仁ミル的頻道◆よければチャンネル登録おねがいします
https://www.youtube.com/channel/UCFahBR2wixu0xOex84bXFvg


Twitter🌼 https://twitter.com/AnninMirudayo
Facebook🌼 https://www.facebook.com/AnninMirudayo/
マシュマロ(Q&A)🌼 http://bit.ly/2CDOdSL
Discord🌼 https://discord.miru.ml/


∞*:;;;;;;:*∞*:;;;;;;:*∞*:;;;;;:*∞*:;;;;;:*∞*:;;;;;:*∞*:;;;;∞*:;;;;∞*:;;;;∞",20,2020-02-02T09:00:11Z,PT21M13S,2d,hd,131816,3337,42,0,263,UCFahBR2wixu0xOex84bXFvg
42,8uQIC_ZXR8I,ハートビート・フロムユー/heartbeat from you - Cover by 杏仁ミル,"#Vtuber #台灣Vtuber #虛擬Youtuber

ありがとう。
この想いは変わらない。

❑本家┄初音ミク『ハートビート・フロムユー』
    作詞・作曲：TOKOTOKO（西沢さんp）
　原曲：https://youtu.be/iC4M8Dk3jdw

❒Special Thanks: 
謝謝杏眾們的二創♥
@apsp6032645  @BalaChaCha019  @BlackFrozen98  @bossinblack
@CgPS2Aha4OVnMWr @charcoal3830 @chester1413 @CokaTien
@cookie_coki @DannyAAMtw @DoubleMing @Eastmu443 @esxiiswallow
@f1LMR1wgzKYksKF @fantasy0328 @HuangHuangInu @ice_cream_is_me
@ItsArcal139 @Jill27665020 @k6622818 @LaNa_0319 @leoleecoffee09
@Linshing777 @LuElena @Makaneko_Taiwan @Mango_ice @MizuKagome
@my_leg_jio_sng @neko8233 @nekomehina_vtb @Nico2_power @oldkao
@once09201 @ozmomptc4vQFpWm @peiyuuuu @putchers @qJdUlvTOGJrByGv @RakuInuYT @RustBuoy @s29724760 @shclqunavb
@shiroinuV @Talency_Vtuber @vt_neki_yuri @vtuber_meko @Witchdalisweet @woody22255 @Yilailailai @YNhappy1 @YQilim @zongzi_OUO @徐瑞鍾 @暗之神聖

　　　　　　／) 
　　 　　　/イ⋈ノフ
　　　　　(◍•ω•◍)   ＜コメント&高評価して頂けると嬉しいです🌼
- - - - - - - - - - - o- - - o- - - - - - - - - - - - - - - - - - - - - - - - - - - - -
∞*:;;;;;;:*∞*:;;;;;;:*∞*:;;;;;:*∞*:;;;;;:*∞*:;;;;;:*∞*:;;;;∞*:;;;;∞*:;;;;∞

❒LINE貼圖現正熱賣中: https://store.line.me/stickershop/product/7819626/
❒かわいいBGM提供: マカ猫ちゃん(@Makaneko_Taiwan)

訂閱杏仁ミル的頻道◆よければチャンネル登録おねがいします
https://www.youtube.com/c/AnninMiruChannel

Twitter🌼 https://twitter.com/AnninMirudayo
Facebook🌼 https://www.facebook.com/AnninMirudayo/
マシュマロ(Q&A)🌼 http://bit.ly/2CDOdSL
Discord🌼 https://discord.miru.ml/

∞*:;;;;;;:*∞*:;;;;;;:*∞*:;;;;;:*∞*:;;;;;:*∞*:;;;;;:*∞*:;;;;∞*:;;;;∞*:;;;;∞",10,2020-01-26T09:00:12Z,PT4M5S,2d,hd,89276,3925,20,0,394,UCFahBR2wixu0xOex84bXFvg
43,Jh6aI75Frq4,開拓動漫祭35參戰! 限量周邊開賣啦!,"#Vtuber #台灣Vtuber #虛擬Youtuber

開拓動漫祭35
地點：花博公園爭艷館A13攤位
時間：2/1

當天還有台灣vtuber聯合的舞台活動!
千萬不要錯過唷!!

　　　　　　／) 
　　 　　　/イ⋈ノフ
　　　　　(◍•ω•◍)   ＜コメント&高評価して頂けると嬉しいです🌼
- - - - - - - - - - - o- - - o- - - - - - - - - - - - - - - - - - - - - - - - - - - - -
∞*:;;;;;;:*∞*:;;;;;;:*∞*:;;;;;:*∞*:;;;;;:*∞*:;;;;;:*∞*:;;;;∞*:;;;;∞*:;;;;∞

❒LINE貼圖現正熱賣中: https://store.line.me/stickershop/product/7819626/
❒かわいいBGM提供: マカ猫ちゃん(@Makaneko_Taiwan)

訂閱杏仁ミル的頻道◆よければチャンネル登録おねがいします
https://www.youtube.com/c/AnninMiruChannel

Twitter🌼 https://twitter.com/AnninMirudayo
Facebook🌼 https://www.facebook.com/AnninMirudayo/
マシュマロ(Q&A)🌼 http://bit.ly/2CDOdSL
Discord🌼 https://discord.miru.ml/

∞*:;;;;;;:*∞*:;;;;;;:*∞*:;;;;;:*∞*:;;;;;:*∞*:;;;;;:*∞*:;;;;∞*:;;;;∞*:;;;;∞",20,2020-01-22T06:00:39Z,PT37S,2d,hd,31907,1172,5,0,191,UCFahBR2wixu0xOex84bXFvg
44,qCm9xhsZxg4,中二魔法少女咕嚕靈波（○′∀‵）ノ♡【中毒注意】,"#台灣Vtuber #虛擬Youtuber #Vtuber

咕嚕靈波（○′∀‵）ノ♡
留言告訴咪嚕有沒有看到小彩蛋!

#Vtuber #台灣Vtuber #虛擬Youtuber



　　　　　　／) 
　　 　　　/イ⋈ノフ
　　　　　(◍•ω•◍)   ＜コメント&高評価して頂けると嬉しいです🌼
- - - - - - - - - - - o- - - o- - - - - - - - - - - - - - - - - - - - - - - - - - - - -
∞*:;;;;;;:*∞*:;;;;;;:*∞*:;;;;;:*∞*:;;;;;:*∞*:;;;;;:*∞*:;;;;∞*:;;;;∞*:;;;;∞

❒LINE貼圖現正熱賣中: https://store.line.me/stickershop/product/7819626/
❒かわいいBGM提供: マカ猫ちゃん(@Makaneko_Taiwan)

訂閱杏仁ミル的頻道◆よければチャンネル登録おねがいします
https://www.youtube.com/c/AnninMiruChannel

Twitter🌼 https://twitter.com/AnninMirudayo
Facebook🌼 https://www.facebook.com/AnninMirudayo/
マシュマロ(Q&A)🌼 http://bit.ly/2CDOdSL
Discord🌼 https://discord.miru.ml/

∞*:;;;;;;:*∞*:;;;;;;:*∞*:;;;;;:*∞*:;;;;;:*∞*:;;;;;:*∞*:;;;;∞*:;;;;∞*:;;;;∞",20,2020-01-27T09:00:14Z,PT10M17S,2d,hd,96724,3152,55,0,686,UCFahBR2wixu0xOex84bXFvg
45,XOCosT5uAig,胸部大小取決碗公大小?! 日本火紅心理測驗【miru實況精華】,"#台灣Vtuber #虛擬Youtuber #Vtuber

不要偷窺咪嚕的內心世界啦!!!!!!!

完整版在這裡!!
#167【雑談】繪畫心理測驗!
⇒https://www.youtube.com/watch?v=ERxcBkSQ-4w
#173【雑談】心理測驗!!お絵描き心理テストpart.2
⇒https://youtu.be/IxK4mwYfXP4

❒かわいいBGM提供: マカ猫ちゃん(@Makaneko_Taiwan)
❒コメント&高評価して頂けると嬉しいです🌼

∞*:;;;;;;:*∞*:;;;;;;:*∞*:;;;;;:*∞*:;;;;;:*∞*:;;;;;:*∞*:;;;;∞*:;;;;∞*:;;;;∞

訂閱杏仁ミル的頻道◆よければチャンネル登録おねがいします
https://www.youtube.com/channel/UCFahBR2wixu0xOex84bXFvg


Twitter🌼 https://twitter.com/AnninMirudayo
Facebook🌼 https://www.facebook.com/AnninMirudayo/
マシュマロ(Q&A)🌼 http://bit.ly/2CDOdSL",20,2020-01-19T09:00:16Z,PT10M7S,2d,hd,280536,7530,68,0,582,UCFahBR2wixu0xOex84bXFvg
46,m-YbyNY4c1I,【Dead by Daylight】阿神飆車!? 咪嚕在地下室的日子 【Youtuber對抗】 ft.阿神、小光、路、阿蛇,"#台灣Vtuber #虛擬Youtuber #Vtuber

太早死亡的咪嚕 在地下室寫下的日記
杏眾們看到了嗎?

❒かわいいBGM提供: マカ猫ちゃん(@Makaneko_Taiwan)
❒動画編集: 米堡(@Coldtime3) 

❒コメント&高評価して頂けると嬉しいです🌼

∞*:;;;;;;:*∞*:;;;;;;:*∞*:;;;;;:*∞*:;;;;;:*∞*:;;;;;:*∞*:;;;;∞*:;;;;∞*:;;;;∞

訂閱杏仁ミル的頻道◆よければチャンネル登録おねがいします
https://www.youtube.com/channel/UCFahBR2wixu0xOex84bXFvg


Twitter🌼 https://twitter.com/AnninMirudayo
Facebook🌼 https://www.facebook.com/AnninMirudayo/
マシュマロ(Q&A)🌼 http://bit.ly/2CDOdSL",20,2020-01-12T10:00:14Z,PT10M28S,2d,hd,126671,2878,31,0,145,UCFahBR2wixu0xOex84bXFvg
47,fPFhFt6-z4w,【2020新年願望】咪嚕將要舉辦遶境活動?!,"#Vtuber #台灣Vtuber #虛擬Youtuber

新年新希望! 祝杏眾身體健康發大財!

　　　　　　／) 
　　 　　　/イ⋈ノフ
　　　　　(◍•ω•◍)   ＜コメント&高評価して頂けると嬉しいです🌼
- - - - - - - - - - - o- - - o- - - - - - - - - - - - - - - - - - - - - - - - - - - - -
∞*:;;;;;;:*∞*:;;;;;;:*∞*:;;;;;:*∞*:;;;;;:*∞*:;;;;;:*∞*:;;;;∞*:;;;;∞*:;;;;∞

❒LINE貼圖現正熱賣中: https://store.line.me/stickershop/product/7819626/
❒ミル周邊熱賣中: https://annin-miru.booth.pm/
❒かわいいBGM提供: マカ猫ちゃん(@Makaneko_Taiwan)

訂閱杏仁ミル的頻道◆よければチャンネル登録おねがいします
https://www.youtube.com/channel/UCFahBR2wixu0xOex84bXFvg


Twitter🌼 https://twitter.com/AnninMirudayo
Facebook🌼 https://www.facebook.com/AnninMirudayo/
マシュマロ(Q&A)🌼 http://bit.ly/2CDOdSL
Discord🌼 https://discord.miru.ml/
Support the stream: https://streamlabs.com/杏仁ミル
Multistreaming with https://restream.io/


∞*:;;;;;;:*∞*:;;;;;;:*∞*:;;;;;:*∞*:;;;;;:*∞*:;;;;;:*∞*:;;;;∞*:;;;;∞*:;;;;∞


カラオケ歌っちゃ王
https://www.youtube.com/channel/UC1tk9F5-MGXEq4LWnjmrtpA

カラオケ再現所@KEISUKEO.
https://www.youtube.com/channel/UCUo8aHsNE4__8ZUxAmdhqLA",24,2019-12-31T15:00:15Z,PT1M55S,2d,hd,59959,2874,13,0,357,UCFahBR2wixu0xOex84bXFvg
48,aJzkkGGIFJQ,Miru說了什麼讓在座男性們都?!【黃牌實況精華】ft.小光、柏慎、秀康,"#Vtuber #台灣Vtuber #虛擬Youtuber

咪嚕一出手就知有沒有，小光、柏慎、秀康笑到不能自己。
到底是天然呆還是真的黑色我們繼續看下去。

❒動画編集: 米堡(@Coldtime3) 

　　　　　　／) 
　　 　　　/イ⋈ノフ
　　　　　(◍•ω•◍)   ＜コメント&高評価して頂けると嬉しいです🌼
- - - - - - - - - - - o- - - o- - - - - - - - - - - - - - - - - - - - - - - - - - - - -
∞*:;;;;;;:*∞*:;;;;;;:*∞*:;;;;;:*∞*:;;;;;:*∞*:;;;;;:*∞*:;;;;∞*:;;;;∞*:;;;;∞

[楽曲詳細情報・ダウンロード / information&download]
https://dova-s.jp/bgm/play4520.html

❒LINE貼圖現正熱賣中: https://store.line.me/stickershop/product/7819626/
❒ミル周邊熱賣中: https://annin-miru.booth.pm/
❒かわいいBGM提供: マカ猫ちゃん(@Makaneko_Taiwan)

訂閱杏仁ミル的頻道◆よければチャンネル登録おねがいします
https://www.youtube.com/channel/UCFahBR2wixu0xOex84bXFvg


Twitter🌼 https://twitter.com/AnninMirudayo
Facebook🌼 https://www.facebook.com/AnninMirudayo/
マシュマロ(Q&A)🌼 http://bit.ly/2CDOdSL
Discord🌼 https://discord.miru.ml/
Support the stream: https://streamlabs.com/杏仁ミル
Multistreaming with https://restream.io/


∞*:;;;;;;:*∞*:;;;;;;:*∞*:;;;;;:*∞*:;;;;;:*∞*:;;;;;:*∞*:;;;;∞*:;;;;∞*:;;;;∞


カラオケ歌っちゃ王
https://www.youtube.com/channel/UC1tk9F5-MGXEq4LWnjmrtpA

カラオケ再現所@KEISUKEO.
https://www.youtube.com/channel/UCUo8aHsNE4__8ZUxAmdhqLA",20,2020-01-05T09:00:11Z,PT15M5S,2d,hd,398912,9634,97,0,685,UCFahBR2wixu0xOex84bXFvg
49,6P2NXGOjt98,【Deceit心結Youtuber大集合】蘿莉剖開來都是黑色的!  ft.阿神、小光、柏慎、秀康、閃閃,"#Vtuber #台灣Vtuber #虛擬Youtuber

心結Youtuber，miru第一次當血魔就上手
剖開來都是黑色的蘿莉

　　　　　　／) 
　　 　　　/イ⋈ノフ
　　　　　(◍•ω•◍)   ＜コメント&高評価して頂けると嬉しいです🌼
- - - - - - - - - - - o- - - o- - - - - - - - - - - - - - - - - - - - - - - - - - - - -
∞*:;;;;;;:*∞*:;;;;;;:*∞*:;;;;;:*∞*:;;;;;:*∞*:;;;;;:*∞*:;;;;∞*:;;;;∞*:;;;;∞

❒LINE貼圖現正熱賣中: https://store.line.me/stickershop/product/7819626/
❒ミル周邊熱賣中: https://annin-miru.booth.pm/
❒かわいいBGM提供: マカ猫ちゃん(@Makaneko_Taiwan)

訂閱杏仁ミル的頻道◆よければチャンネル登録おねがいします
https://www.youtube.com/channel/UCFahBR2wixu0xOex84bXFvg


Twitter🌼 https://twitter.com/AnninMirudayo
Facebook🌼 https://www.facebook.com/AnninMirudayo/
マシュマロ(Q&A)🌼 http://bit.ly/2CDOdSL
Discord🌼 https://discord.miru.ml/
Support the stream: https://streamlabs.com/杏仁ミル
Multistreaming with https://restream.io/


∞*:;;;;;;:*∞*:;;;;;;:*∞*:;;;;;:*∞*:;;;;;:*∞*:;;;;;:*∞*:;;;;∞*:;;;;∞*:;;;;∞


カラオケ歌っちゃ王
https://www.youtube.com/channel/UC1tk9F5-MGXEq4LWnjmrtpA

カラオケ再現所@KEISUKEO.
https://www.youtube.com/channel/UCUo8aHsNE4__8ZUxAmdhqLA",20,2019-12-29T09:00:12Z,PT10M17S,2d,hd,230632,5558,48,0,248,UCFahBR2wixu0xOex84bXFvg
50,zVnIyIVx86w,【Vtuber】36D行頭超可愛妹子爆誕,"#Vtuber #台灣Vtuber #虛擬Youtuber

36D 杏仁miru參上!
新的身體非常的軟Q 希望杏眾們喜歡!!

　　　　　　／) 
　　 　　　/イ⋈ノフ
　　　　　(◍•ω•◍)   ＜コメント&高評価して頂けると嬉しいです🌼
- - - - - - - - - - - o- - - o- - - - - - - - - - - - - - - - - - - - - - - - - - - - -
∞*:;;;;;;:*∞*:;;;;;;:*∞*:;;;;;:*∞*:;;;;;:*∞*:;;;;;:*∞*:;;;;∞*:;;;;∞*:;;;;∞

❒LINE貼圖現正熱賣中: https://store.line.me/stickershop/product/7819626/
❒ミル周邊熱賣中: https://annin-miru.booth.pm/
❒かわいいBGM提供: マカ猫ちゃん(@Makaneko_Taiwan)

訂閱杏仁ミル的頻道◆よければチャンネル登録おねがいします
https://www.youtube.com/channel/UCFahBR2wixu0xOex84bXFvg


Twitter🌼 https://twitter.com/AnninMirudayo
Facebook🌼 https://www.facebook.com/AnninMirudayo/
マシュマロ(Q&A)🌼 http://bit.ly/2CDOdSL
Discord🌼 https://discord.miru.ml/
Support the stream: https://streamlabs.com/杏仁ミル
Multistreaming with https://restream.io/


∞*:;;;;;;:*∞*:;;;;;;:*∞*:;;;;;:*∞*:;;;;;:*∞*:;;;;;:*∞*:;;;;∞*:;;;;∞*:;;;;∞",24,2019-12-27T09:00:11Z,PT1M38S,2d,hd,197653,6462,50,0,574,UCFahBR2wixu0xOex84bXFvg
51,ZwTjAP2sMm4,虛擬女友給孤單寂寞的你們的【聖誕節特別影片】,"#Vtuber #台灣Vtuber #虛擬Youtuber

Merry Christmas🎄
就算是聖誕節準備好墨鏡就不孤單囉!

　　　　　　／) 
　　 　　　/イ⋈ノフ
　　　　　(◍•ω•◍)   ＜コメント&高評価して頂けると嬉しいです🌼
- - - - - - - - - - - o- - - o- - - - - - - - - - - - - - - - - - - - - - - - - - - - -
∞*:;;;;;;:*∞*:;;;;;;:*∞*:;;;;;:*∞*:;;;;;:*∞*:;;;;;:*∞*:;;;;∞*:;;;;∞*:;;;;∞

❒LINE貼圖現正熱賣中: https://store.line.me/stickershop/product/7819626/
❒ミル周邊熱賣中: https://annin-miru.booth.pm/
❒かわいいBGM提供: マカ猫ちゃん(@Makaneko_Taiwan)

訂閱杏仁ミル的頻道◆よければチャンネル登録おねがいします
https://www.youtube.com/channel/UCFahBR2wixu0xOex84bXFvg


Twitter🌼 https://twitter.com/AnninMirudayo
Facebook🌼 https://www.facebook.com/AnninMirudayo/
マシュマロ(Q&A)🌼 http://bit.ly/2CDOdSL
Discord🌼 https://discord.miru.ml/

∞*:;;;;;;:*∞*:;;;;;;:*∞*:;;;;;:*∞*:;;;;;:*∞*:;;;;;:*∞*:;;;;∞*:;;;;∞*:;;;;∞",20,2019-12-25T10:00:14Z,PT37S,2d,hd,95052,3778,35,0,534,UCFahBR2wixu0xOex84bXFvg
52,tzpg2lulYO0,【Dead by Daylight Youtuber對抗賽】被癡漢歐逆醬追逐的恐懼 ft.阿神、小光、路、阿蛇,"#台灣Vtuber #虛擬Youtuber #DBD

歐逆醬的車速過快像火車一樣!? miru到底是在碰瓷還是被車撞
讓我們繼續看下去!

❒かわいいBGM提供: マカ猫ちゃん(@Makaneko_Taiwan)
❒動画編集: 米堡(@Coldtime3) 

❒コメント&高評価して頂けると嬉しいです🌼

∞*:;;;;;;:*∞*:;;;;;;:*∞*:;;;;;:*∞*:;;;;;:*∞*:;;;;;:*∞*:;;;;∞*:;;;;∞*:;;;;∞

訂閱杏仁ミル的頻道◆よければチャンネル登録おねがいします
https://www.youtube.com/channel/UCFahBR2wixu0xOex84bXFvg


Twitter🌼 https://twitter.com/AnninMirudayo
Facebook🌼 https://www.facebook.com/AnninMirudayo/
マシュマロ(Q&A)🌼 http://bit.ly/2CDOdSL",20,2019-12-23T04:00:04Z,PT13M1S,2d,hd,134606,3089,28,0,140,UCFahBR2wixu0xOex84bXFvg
53,FOpRJV2ASa0,【歌ってみた】神のまにまに【杏仁ミル×セイ★×ゼーノ】,"今日もありがとう。やっぱりみんなを愛してる。

❑本家┄ 神のまにまに - れるりりfeat.ミク&リン&GUMI
                 https://www.youtube.com/watch?v=b2GJcYBoVyg
❑音源┄ 剛兵様
　　　　 https://commons.nicovideo.jp/material/nc84975

❑Vocal┄ 杏仁ミル

❑Vocal┄セイ★（＠sei_starrylive）
　　　　  https://ppt.cc/f8f47x

❑Vocal┄ゼーノ（＠XenalNico）
　　　　  https://ppt.cc/ffEl5x

❑Illustrator┄ マカ猫（＠Makaneko_Taiwan）
❑Movie┄ Reo
❑MIX┄ murhamasa

❒コメント&高評価して頂けると嬉しいです🌼

#歌ってみた #虛擬Youtuber #Vtuber

∞*:;;;;;;:*∞*:;;;;;;:*∞*:;;;;;:*∞*:;;;;;:*∞*:;;;;;:*∞*:;;;;∞*:;;;;∞*:;;;;∞

訂閱杏仁ミル的頻道◆よければチャンネル登録おねがいします
https://www.youtube.com/channel/UCFah...


Twitter🌼 https://twitter.com/AnninMirudayo
Facebook🌼 https://www.facebook.com/AnninMirudayo/
マシュマロ(Q&A)🌼 http://bit.ly/2CDOdSL",10,2019-10-10T03:00:14Z,PT4M33S,2d,hd,71331,2758,12,0,169,UCFahBR2wixu0xOex84bXFvg
54,ixzqsyJLp3o,女の子のスカートが突然めくれたりしないかなあ/Covered by 杏仁ミル【歌ってみた】,"今日はいいことがありますように！

❑本家┄ 女の子のスカートが突然めくれたりしないかなあ
                 nicovideo.jp/watch/sm20136093

    作詞・作曲：acane_madder

❑Movie┄ Virtual-Neet Meko
                    https://t.co/6BazmKTyO7

❒コメント&高評価して頂けると嬉しいです🌼

#歌ってみた #虛擬Youtuber #Vtuber

∞*:;;;;;;:*∞*:;;;;;;:*∞*:;;;;;:*∞*:;;;;;:*∞*:;;;;;:*∞*:;;;;∞*:;;;;∞*:;;;;∞

訂閱杏仁ミル的頻道◆よければチャンネル登録おねがいします
https://www.youtube.com/channel/UCFah...


Twitter🌼 https://twitter.com/AnninMirudayo
Facebook🌼 https://www.facebook.com/AnninMirudayo/
マシュマロ(Q&A)🌼 http://bit.ly/2CDOdSL",20,2019-09-28T03:00:12Z,PT2M17S,2d,hd,25889,876,4,0,41,UCFahBR2wixu0xOex84bXFvg
55,8FLffDWegsM,演技力妹力声面接やってみた！お兄ちゃん♡【Vtuber】,"「お兄ちゃん！ミルはよくできましたか？」

❒ 元ネタ：http://nana-music.com/sounds/02ebebd5/
❒ コメント&高評価して頂けると嬉しいです🌼

#台灣Vtuber #虛擬Youtuber #Vtuber

∞*:;;;;;;:*∞*:;;;;;;:*∞*:;;;;;:*∞*:;;;;;:*∞*:;;;;;:*∞*:;;;;∞*:;;;;∞*:;;;;∞

訂閱杏仁ミル的頻道◆よければチャンネル登録おねがいします
https://www.youtube.com/channel/UCFahBR2wixu0xOex84bXFvg


Twitter🌼 https://twitter.com/AnninMirudayo
Facebook🌼 https://www.facebook.com/AnninMirudayo/
マシュマロ(Q&A)🌼 http://bit.ly/2CDOdSL
Support the stream: https://streamlabs.com/杏仁ミル


∞*:;;;;;;:*∞*:;;;;;;:*∞*:;;;;;:*∞*:;;;;;:*∞*:;;;;;:*∞*:;;;;∞*:;;;;∞*:;;;;∞",24,2019-08-18T02:57:46Z,PT1M46S,2d,hd,31896,1123,10,0,96,UCFahBR2wixu0xOex84bXFvg
56,F16nmtt0S3w,ドレミファロンド/Covered by 杏仁ミル【歌ってみた】,"聞いて笑顔になってください！

❑本家┄初音ミク『ドレミファロンド』
    作詞・作曲：40mP
　原曲：https://youtu.be/bphS6_wayug

❒コメント&高評価して頂けると嬉しいです🌼

#歌ってみた #虛擬Youtuber #Vtuber

　　　　　　／) 
　　 　　　/イ⋈ノフ
　　　　　(◍•ω•◍)
- - - - - - - - - - - o- - - o- - - - - - - - - - - - - - - - - - - - - - - - - - - - - - - - - - - - - - 
∞*:;;;;;;:*∞*:;;;;;;:*∞*:;;;;;:*∞*:;;;;;:*∞*:;;;;;:*∞*:;;;;∞*:;;;;∞*:;;;;∞

訂閱杏仁ミル的頻道◆よければチャンネル登録おねがいします
https://www.youtube.com/channel/UCFahBR2wixu0xOex84bXFvg


Twitter🌼 https://twitter.com/AnninMirudayo
Facebook🌼 https://www.facebook.com/AnninMirudayo/
マシュマロ(Q&A)🌼 http://bit.ly/2CDOdSL


∞*:;;;;;;:*∞*:;;;;;;:*∞*:;;;;;:*∞*:;;;;;:*∞*:;;;;;:*∞*:;;;;∞*:;;;;∞*:;;;;∞",20,2019-08-04T03:58:49Z,PT4M3S,2d,hd,25414,902,10,0,48,UCFahBR2wixu0xOex84bXFvg
57,roWori7Eqro,【ホラーゲーム】魔女の家にやってきました！【杏仁ミル】,"#台灣Vtuber #虛擬Youtuber #Vtuber
ホラーゲームはまじで苦手です( ´;ω;` )
逃げれたからえらいです

❒LINE貼圖現正熱賣中: https://store.line.me/stickershop/product/7819626/
❒かわいいBGM提供: マカ猫ちゃん(@Makaneko_Taiwan)

❒コメント&高評価して頂けると嬉しいです🌼

∞*:;;;;;;:*∞*:;;;;;;:*∞*:;;;;;:*∞*:;;;;;:*∞*:;;;;;:*∞*:;;;;∞*:;;;;∞*:;;;;∞

訂閱杏仁ミル的頻道◆よければチャンネル登録おねがいします
https://www.youtube.com/channel/UCFahBR2wixu0xOex84bXFvg


Twitter🌼 https://twitter.com/AnninMirudayo
Facebook🌼 https://www.facebook.com/AnninMirudayo/
マシュマロ(Q&A)🌼 http://bit.ly/2CDOdSL
Discord🌼 https://discord.miru.ml/
Support the stream: https://streamlabs.com/杏仁ミル",20,2019-07-27T15:58:15Z,PT17M57S,2d,hd,9403,185,3,0,11,UCFahBR2wixu0xOex84bXFvg
58,O7WT8O2WPrQ,10分鐘了解Vtuber杏仁ミル,"用10分鐘了解一下台日混血虛擬Youtuber杏仁miru!!

∞*:;;;;;;:*∞*:;;;;;;:*∞*:;;;;;:*∞*:;;;;;:*∞*:;;;;;:*∞*:;;;;∞*:;;;;∞*:;;;;∞

❒LINE貼圖現正熱賣中: https://store.line.me/stickershop/product/7819626/
❒かわいいBGM提供: マカ猫ちゃん(@Makaneko_Taiwan)

❒コメント&高評価して頂けると嬉しいです🌼

#台灣Vtuber #虛擬Youtuber #Vtuber
∞*:;;;;;;:*∞*:;;;;;;:*∞*:;;;;;:*∞*:;;;;;:*∞*:;;;;;:*∞*:;;;;∞*:;;;;∞*:;;;;∞

訂閱杏仁ミル的頻道◆よければチャンネル登録おねがいします
https://www.youtube.com/channel/UCFahBR2wixu0xOex84bXFvg


Twitter🌼 https://twitter.com/AnninMirudayo
Facebook🌼 https://www.facebook.com/AnninMirudayo/
マシュマロ(Q&A)🌼 http://bit.ly/2CDOdSL
Discord🌼 https://discord.miru.ml/
Support the stream: https://streamlabs.com/杏仁ミル",22,2019-07-22T12:05:03Z,PT9M56S,2d,hd,329088,6471,79,0,958,UCFahBR2wixu0xOex84bXFvg
59,CYC5n3IAvho,やくしまるえつこ-ルル/Covered by 杏仁ミル【歌ってみた】,"どうか目を覚まさないで。

❑本家┄やくしまるえつこ『ルル』
    作詞・作曲：ティカ・α　編曲：近藤研二

❒コメント&高評価して頂けると嬉しいです🌼

#歌ってみた #虛擬Youtuber #Vtuber

∞*:;;;;;;:*∞*:;;;;;;:*∞*:;;;;;:*∞*:;;;;;:*∞*:;;;;;:*∞*:;;;;∞*:;;;;∞*:;;;;∞

訂閱杏仁ミル的頻道◆よければチャンネル登録おねがいします
https://www.youtube.com/channel/UCFahBR2wixu0xOex84bXFvg


Twitter🌼 https://twitter.com/AnninMirudayo
Facebook🌼 https://www.facebook.com/AnninMirudayo/
マシュマロ(Q&A)🌼 http://bit.ly/2CDOdSL
Support the stream: https://streamlabs.com/杏仁ミル",1,2019-07-19T15:58:49Z,PT3M51S,2d,hd,24975,926,3,0,56,UCFahBR2wixu0xOex84bXFvg
60,eyWHiT409D0,【Cooking Simulator】亞洲拉姆齊上菜精華,"#台灣Vtuber #虛擬Youtuber #Vtuber
雖然沒有字幕但是可以用心感受

❒かわいいBGM提供: マカ猫ちゃん(@Makaneko_Taiwan)
❒コメント&高評価して頂けると嬉しいです🌼

∞*:;;;;;;:*∞*:;;;;;;:*∞*:;;;;;:*∞*:;;;;;:*∞*:;;;;;:*∞*:;;;;∞*:;;;;∞*:;;;;∞

訂閱杏仁ミル的頻道◆よければチャンネル登録おねがいします
https://www.youtube.com/channel/UCFahBR2wixu0xOex84bXFvg


Twitter🌼 https://twitter.com/AnninMirudayo
Facebook🌼 https://www.facebook.com/AnninMirudayo/
マシュマロ(Q&A)🌼 http://bit.ly/2CDOdSL
Support the stream: https://streamlabs.com/杏仁ミル",20,2019-06-13T10:58:15Z,PT6M7S,2d,hd,29604,524,4,0,20,UCFahBR2wixu0xOex84bXFvg
61,ac9IHGKLPwk,【Vtuber】平成最後天籟MAD【one hand clapping】,"#台灣Vtuber #虛擬Youtuber #Vtuber
平成歌雞誕生 閃亮登場

❒動画作成: Meko(@shainmeowmeko)
❒老闆跳樓大拍賣29分鐘ver: https://youtu.be/RGy_mPmFkDI
❒コメント&高評価して頂けると嬉しいです🌼

∞*:;;;;;;:*∞*:;;;;;;:*∞*:;;;;;:*∞*:;;;;;:*∞*:;;;;;:*∞*:;;;;∞*:;;;;∞*:;;;;∞

訂閱杏仁ミル的頻道◆よければチャンネル登録おねがいします
https://www.youtube.com/channel/UCFahBR2wixu0xOex84bXFvg


Twitter🌼 https://twitter.com/AnninMirudayo
Facebook🌼 https://www.facebook.com/AnninMirudayo/
マシュマロ(Q&A)🌼 http://bit.ly/2CDOdSL
Support the stream: https://streamlabs.com/杏仁ミル",20,2019-05-06T10:57:46Z,PT2M5S,2d,hd,17885,415,8,0,21,UCFahBR2wixu0xOex84bXFvg
62,38p7EwbEGUY,【告白予行練習】┗|∵|┓「ずっと前から好きでした。」アフレコ企画 CV杏仁ミル,"台湾Vtuberがアフレコをしてみましたι(｀･杏･´)/
バレンタインの前にちゃんと告白の練習をしなくちゃいけないよ💦
ちゃんと気持ち伝えた？

#ハニワアフレコ企画 #台湾Vtuber #虛擬Youtuber

∞*:;;;;;;:*∞*:;;;;;;:*∞*:;;;;;:*∞*:;;;;;:*∞*:;;;;;:*∞*:;;;;∞*:;;;;∞*:;;;;∞

各位同學只要在推特或是FB加上 #杏仁ミル 極有可能釣到大魚唷嘿嘿

訂閱杏仁ミル的頻道◆よければチャンネル登録おねがいします
https://www.youtube.com/channel/UCFahBR2wixu0xOex84bXFvg

Twitter🌼 https://twitter.com/AnninMirudayo
Facebook🌼 https://www.facebook.com/AnninMirudayo/
マシュマロ(Q&A)🌼 http://bit.ly/2CDOdSL
Support the stream: https://streamlabs.com/杏仁ミル",24,2019-02-13T10:58:49Z,PT1M11S,2d,hd,13166,327,3,0,16,UCFahBR2wixu0xOex84bXFvg
63,U0Owv9ywVoI,台湾Vtuberがグリム童話「星の銀貨」を朗読してみました【杏仁ミル】,"へたっぴでごめんね( *˙-˙* )ｴﾍﾍ

出典：青空文庫「星の銀貨」
#虛擬Vtuber #台灣虛擬Youtuber #睡眠導入


∞*:;;;;;;:*∞*:;;;;;;:*∞*:;;;;;:*∞*:;;;;;:*∞*:;;;;;:*∞*:;;;;∞*:;;;;∞*:;;;;∞

【コメント&高評価して頂けると嬉しいです🌼】

◆よければチャンネル登録おねがいします
https://www.youtube.com/channel/UCFahBR2wixu0xOex84bXFvg

Twitter🌼 https://twitter.com/AnninMirudayo

Facebook🌼 https://www.facebook.com/AnninMirudayo/",22,2019-01-18T11:00:07Z,PT4M10S,2d,hd,12419,324,6,0,20,UCFahBR2wixu0xOex84bXFvg
64,zTZnIiz_wWg,はじめましてええええええええええええええええええええええ！【自己紹介】,"はじまして、台湾と日本のハーフVtuber杏仁ミルです！
みんなと仲良くなるためにバーチャルユーチューバーになりました！
動画見てくれてありがとおおおおおおおおおおおおおおおおおお(∩´｡•o•｡`∩)(狂喜)

#台湾Vtuber #虛擬Youtuber #Vtuber自己紹介

◆よければチャンネル登録おねがいします
https://www.youtube.com/channel/UCFahBR2wixu0xOex84bXFvg

【コメント&高評価して頂けると嬉しいです🌼】

∞*:;;;;;;:*∞*:;;;;;;:*∞*:;;;;;:*∞*:;;;;;:*∞*:;;;;;:*∞*:;;;;∞*:;;;;∞*:;;;;∞

Twitter🌼
https://twitter.com/AnninMirudayo

Facebook🌼
https://www.facebook.com/AnninMirudayo/",24,2018-12-26T10:40:13Z,PT2M46S,2d,hd,148199,5665,52,0,666,UCFahBR2wixu0xOex84bXFvg
