ranking,jp_name,eng_name,agency,total_subs,total_views,channel_id,debut,vid_cnt
71,鷹宮リオン,鷹宮リオン,にじさんじ(SEEDs出身),217000,28609673,UCV5ZZlLjk5MKGg3L0n0vbzw,2018-08-07T05:25:06Z,647
72,花鋏キョウ,花鋏キョウ/キョウちゃんねる,Re:AcT,217000,26335553,UC4OeUf_KfYRrwksschtRYow,2018-08-30T15:19:19Z,73
73,シスター・クレア,シスター・クレア -SisterClaire-,にじさんじ(SEEDs出身),217000,22174470,UC1zFJrfEKvCixhsjNSb1toQ,2018-05-25T00:10:05Z,1201
74,加賀美ハヤト,加賀美 ハヤト/Hayato Kagami,にじさんじ(統合後),208000,23227983,UCmovZ2th3Sqpd00F5RdeigQ,2019-06-21T06:49:11Z,205
75,黛灰(まゆずみかい),黛 灰 / Kai Mayuzumi【にじさんじ】,にじさんじ(統合後),203000,23716187,UCb5JxV6vKlYVknoJB8TnyYg,2019-06-27T07:28:54Z,246
76,でびでび・でびる,でびでび・でびる,にじさんじ(SEEDs出身),203000,18409094,UCjlmCrq4TP1I4xguOtJ-31w,2019-01-31T10:36:58Z,368
77,しぐれうい, ,順位をツイート,205000,6996664,UCt30jJgChL8qeT9VPadidSw,2018-09-16T13:09:19Z,45
78,馬犬,BKNChannel,転生組,200000,2300902,UCUMJg1pikkU3qnAgbJ5pqew,2019-02-24T13:53:22Z,8
79,勇気ちひろ,勇気ちひろ,にじさんじ(1・2期生),202000,23402357,UCLO9QDxVL4bnvRRsz6K4bsQ,2018-01-31T17:58:14Z,485
80,ドーラ, ,にじさんじ(SEEDs出身),197000,17748878,UC53UDnhAAYwvNO7j_2Ju1cQ,2018-05-25T00:17:15Z,404
