ranking,jp_name,eng_name,agency,total_subs,total_views,channel_id,debut,vid_cnt
31,葛葉,Kuzuha Channel,にじさんじ(ゲーマーズ出身),310000,69099421,UCSFCh5NL4qXrAy9u-u2lX3g,2018-03-05T05:36:02Z,514
32,椎名唯華, ,にじさんじ(ゲーマーズ出身),308000,51010212,UC_4tXjqecqox5Uc05ncxpxg,2018-07-27T08:57:37Z,601
33,犬山たまき,佃煮のりおちゃんねる【犬山たまき】,のりプロ,310000,40976289,UC8NZiqKx6fsDT3AVcMiVFyA,2017-06-29T17:59:34Z,347
34,アンジュ・カトリーナ,アンジュ・カトリーナ - Ange Katrina -,にじさんじ(統合後),307000,30513852,UCHVXbQzkl3rDfsXWo8xi2qw,2019-02-26T12:54:48Z,187
35,花譜(かふ),花譜,神椿,300000,49782656,UCQ1U65-CQdIoZ2_NA4Z4F7A,2018-10-16T15:27:40Z,112
36,猫又おかゆ,Okayu Ch. 猫又おかゆ,ホロライブ,306000,23430513,UCvaTdHTWBGv3MKj3KVqJVCw,2019-03-25T12:37:01Z,348
37,樋口楓,樋口楓【にじさんじ所属】,にじさんじ(1・2期生),297000,32951110,UCsg-YqdqQ-KFF0LNk23BY4A,2018-01-31T10:47:47Z,418
38,夢月ロア(ゆづきろあ),夢月ロア🌖Yuzuki Roa,にじさんじ(統合後),292000,25496224,UCCVwhI5trmaSxfcze_Ovzfw,2019-01-15T07:21:21Z,290
39,緑仙(リューシェン),緑仙channel,にじさんじ(SEEDs出身),291000,63748501,UCt5-0i4AVHXaWJrL8Wql3mw,2018-05-27T03:17:32Z,371
40,静凛,Shizuka Rin Official,にじさんじ(1・2期生),285000,39496455,UC6oDys1BGgBsIC3WhG1BovQ,2018-02-01T13:32:15Z,815
